"Manifest ID","Proposed ID (not reserved)","Week","Week start","Week end","Category","Name","Domain","Equipment","Dose draft","Rest draft","Patterns","Test relationship","Objectives","Source IDs","Evidence limitation","Distinctness","Primary demo brief","Teaching detail brief","Error correction brief","Review status","Publication hold"
"wb-001","STR-503","1","2026-09-21","2026-09-27","strength","Goblet squat","strength","kettlebell","1-2 sets x 6-8 reps","60-90 seconds between sets","squat/lunge and knee extension; hip force and control; trunk control","support","vertical_jump","NSCA2009; AAP2020; NEGRA2016","The named exercise, variation and dose were not isolated in the cited trials. Linking a domain is a coaching inference, not diagnosis of a weakness or a guaranteed test improvement.","Adds external anterior loading and an unsupported squat after the existing box competency drill; not another box-height variant.","Show goblet squat from setup to finish at normal speed. Keep the whole body and equipment visible. Set feet in a comfortable stance and brace gently. Sit between the hips while keeping the whole foot grounded. Stand smoothly and finish tall without leaning back. Film both sides where relevant; show a reset rather than a fatigue set.","Show the setup close enough to reproduce it: Stand on a clear level floor holding the coach-selected kettlebell at the chest. Practise the unloaded pattern first. Explain: Keep the bell close and knees following the toes. Demonstrate the easier option: Unloaded squat to a comfortable depth. Explain that the coach chooses progression and any external load.","Explain the error without deliberately loading an unsafe position: Heels lifting: reduce depth and practise without the bell. Contrast a safe low-effort example with the correct version. Refilm normal correct repetitions. Do not demonstrate pain, maximal strain, risky falls or unsafe equipment use.","pending","Awaiting content review and three approved videos."
"wb-002","STR-504","1","2026-09-21","2026-09-27","strength","Elevated kettlebell deadlift","strength","kettlebell; box","1-2 sets x 6-8 reps","60-90 seconds between sets","hip force and control; posterior-chain and knee-flexion capacity; trunk control","support","horizontal_jump","NSCA2009; AAP2020; NEGRA2016","The named exercise, variation and dose were not isolated in the cited trials. Linking a domain is a coaching inference, not diagnosis of a weakness or a guaranteed test improvement.","Bilateral externally loaded floor-pull preparation differs from the existing single-leg balance reach.","Show elevated kettlebell deadlift from setup to finish at normal speed. Keep the whole body and equipment visible. Push the hips back and grip the handle. Stand by driving the feet into the floor with arms long. Return the bell to the block under control and reset. Film both sides where relevant; show a reset rather than a fatigue set.","Show the setup close enough to reproduce it: Place a coach-selected kettlebell on a stable low block between the feet. Set a height that permits a comfortable hinge. Explain: Move the hips back before the knees bend deeply. Demonstrate the easier option: Unloaded hip hinge with hands on the hips. Explain that the coach chooses progression and any external load.","Explain the error without deliberately loading an unsafe position: Rounding to reach: raise the start height or reduce load. Contrast a safe low-effort example with the correct version. Refilm normal correct repetitions. Do not demonstrate pain, maximal strain, risky falls or unsafe equipment use.","pending","Awaiting content review and three approved videos."
"wb-003","STR-505","1","2026-09-21","2026-09-27","strength","Dumbbell floor press","strength","dumbbells; mat","1-2 sets x 6-8 reps","60-90 seconds between sets","upper-body push/support; trunk control","general","","NSCA2009; AAP2020","The named exercise, variation and dose were not isolated in the cited trials. Linking a domain is a coaching inference, not diagnosis of a weakness or a guaranteed test improvement.","Introduces horizontal upper-body pressing absent from the existing strength roster.","Show dumbbell floor press from setup to finish at normal speed. Keep the whole body and equipment visible. Set shoulders comfortably and hold wrists over elbows. Lower until the upper arms gently meet the floor. Press upward without banging the weights together. Film both sides where relevant; show a reset rather than a fatigue set.","Show the setup close enough to reproduce it: Lie on a mat with knees bent and the coach-selected dumbbells held above the chest. Coach helps position weights if needed. Explain: Keep wrists stacked and breathe through the press. Demonstrate the easier option: Practise the press pattern with very light dumbbells. Explain that the coach chooses progression and any external load.","Explain the error without deliberately loading an unsafe position: Flaring elbows: bring them to a comfortable diagonal and reduce load. Contrast a safe low-effort example with the correct version. Refilm normal correct repetitions. Do not demonstrate pain, maximal strain, risky falls or unsafe equipment use.","pending","Awaiting content review and three approved videos."
"wb-004","STR-506","1","2026-09-21","2026-09-27","strength","Chest-supported dumbbell row","strength","dumbbells; bench","1-2 sets x 6-8 reps","60-90 seconds between sets","upper-body pull/scapular control","general","","NSCA2009; AAP2020","The named exercise, variation and dose were not isolated in the cited trials. Linking a domain is a coaching inference, not diagnosis of a weakness or a guaranteed test improvement.","Adds supported horizontal pulling without requiring the unsupported hinge balance of a bent-over row.","Show chest-supported dumbbell row from setup to finish at normal speed. Keep the whole body and equipment visible. Let the arms hang while keeping the neck comfortable. Row elbows toward the hips without lifting the chest. Lower slowly until the arms lengthen. Film both sides where relevant; show a reset rather than a fatigue set.","Show the setup close enough to reproduce it: Set a stable incline bench so the chest is supported and feet reach the floor. Use coach-selected dumbbells. Explain: Keep chest contact with the pad. Demonstrate the easier option: Use a lighter load with the same chest support. Explain that the coach chooses progression and any external load.","Explain the error without deliberately loading an unsafe position: Shrugging and arching: lighten the weights and shorten the pull. Contrast a safe low-effort example with the correct version. Refilm normal correct repetitions. Do not demonstrate pain, maximal strain, risky falls or unsafe equipment use.","pending","Awaiting content review and three approved videos."
"wb-005","STR-507","1","2026-09-21","2026-09-27","strength","Dumbbell reverse lunge","strength","dumbbells","1-2 sets x 6-8 reps each side","60-90 seconds between sets","squat/lunge and knee extension; hip force and control; trunk control","support","planned_change_direction","NSCA2009; AAP2020; NEGRA2016","The named exercise, variation and dose were not isolated in the cited trials. Linking a domain is a coaching inference, not diagnosis of a weakness or a guaranteed test improvement.","Dynamic backward stepping under load adds an eccentric/concentric demand beyond the existing static split squat.","Show dumbbell reverse lunge from setup to finish at normal speed. Keep the whole body and equipment visible. Step one foot back and lower in control. Keep the front foot planted while the back knee approaches the floor. Push through the front foot to return and reset before repeating. Film both sides where relevant; show a reset rather than a fatigue set.","Show the setup close enough to reproduce it: Stand in a clear lane holding coach-selected dumbbells at the sides. Mark a comfortable backward step. Explain: Land the back foot quietly and keep the pelvis level. Demonstrate the easier option: Unloaded reverse lunge with a nearby support. Explain that the coach chooses progression and any external load.","Explain the error without deliberately loading an unsafe position: Stepping on a tightrope: widen the stance slightly. Contrast a safe low-effort example with the correct version. Refilm normal correct repetitions. Do not demonstrate pain, maximal strain, risky falls or unsafe equipment use.","pending","Awaiting content review and three approved videos."
"wb-006","STR-508","1","2026-09-21","2026-09-27","strength","Seated dumbbell calf raise","strength","dumbbells; bench","1-2 sets x 6-8 reps","60-90 seconds between sets","ankle and calf capacity","general","","NSCA2009; AAP2020","The named exercise, variation and dose were not isolated in the cited trials. Linking a domain is a coaching inference, not diagnosis of a weakness or a guaranteed test improvement.","Bent-knee seated loading is a distinct calf-strength emphasis from the standing calf progression; source-specific transfer is unproven.","Show seated dumbbell calf raise from setup to finish at normal speed. Keep the whole body and equipment visible. Press through the forefeet to lift the heels. Pause briefly without rolling the ankles outward. Lower the heels slowly to the floor. Film both sides where relevant; show a reset rather than a fatigue set.","Show the setup close enough to reproduce it: Sit on a stable bench with knees bent and feet flat. Rest coach-selected dumbbells on padded thighs and hold them securely. Explain: Keep the knees still while the ankles move. Demonstrate the easier option: Seated heel raises without external load. Explain that the coach chooses progression and any external load.","Explain the error without deliberately loading an unsafe position: Bouncing the weight: pause at each end and lighten it. Contrast a safe low-effort example with the correct version. Refilm normal correct repetitions. Do not demonstrate pain, maximal strain, risky falls or unsafe equipment use.","pending","Awaiting content review and three approved videos."
"wb-007","STR-509","1","2026-09-21","2026-09-27","strength","Standing cable anti-rotation press","strength","cableMachine","1-2 sets x 6-8 reps each side","60-90 seconds between sets","trunk control","general","","NSCA2009; AAP2020","The named exercise, variation and dose were not isolated in the cited trials. Linking a domain is a coaching inference, not diagnosis of a weakness or a guaranteed test improvement.","Dynamic anti-rotation pressing expands trunk coverage beyond lateral support holds.","Show standing cable anti-rotation press from setup to finish at normal speed. Keep the whole body and equipment visible. Hold the handle close to the chest and brace. Press straight forward while keeping shoulders and hips facing ahead. Return slowly without turning toward the cable. Film both sides where relevant; show a reset rather than a fatigue set.","Show the setup close enough to reproduce it: Set the cable at chest height. Stand side-on with a coach-selected light load and enough room to extend the hands. Explain: Let the arms move while the trunk stays quiet. Demonstrate the easier option: Stand closer to the cable with a lighter load. Explain that the coach chooses progression and any external load.","Explain the error without deliberately loading an unsafe position: Rotating with the handle: reduce load and widen the stance. Contrast a safe low-effort example with the correct version. Refilm normal correct repetitions. Do not demonstrate pain, maximal strain, risky falls or unsafe equipment use.","pending","Awaiting content review and three approved videos."
"wb-008","STR-510","1","2026-09-21","2026-09-27","isometric","Wall-supported squat hold","strength","wall","1-2 sets x 10-20 seconds","45-60 seconds between sets","squat/lunge and knee extension; hip force and control","general","","NSCA2009; AAP2020; ISO2026","The youth trial combined isometric and ballistic work in older males. It cannot prove this particular hold improves a six-test result; no tendon or pain treatment claim.","Bilateral supported knee/hip hold differs from the existing unilateral split-squat hold.","Show wall-supported squat hold from setup to finish at normal speed. Keep the whole body and equipment visible. Set the back against the wall and feet flat. Hold the position while breathing normally. Slide upward to stand before form changes. Film both sides where relevant; show a reset rather than a fatigue set.","Show the setup close enough to reproduce it: Use a clear solid wall and non-slip floor. Slide to a shallow coach-approved squat depth with feet far enough forward for balance. Explain: Choose a hold depth you can maintain without strain. Demonstrate the easier option: Higher wall-supported position for a shorter hold. Explain that the coach chooses progression and any external load.","Explain the error without deliberately loading an unsafe position: Sliding lower to chase fatigue: return to the approved shallow depth. Contrast a safe low-effort example with the correct version. Refilm normal correct repetitions. Do not demonstrate pain, maximal strain, risky falls or unsafe equipment use.","pending","Awaiting content review and three approved videos."
"wb-009","STR-511","1","2026-09-21","2026-09-27","isometric","Supported calf-raise hold","strength","wall","1-2 sets x 10-20 seconds","45-60 seconds between sets","ankle and calf capacity","general","","NSCA2009; AAP2020; ISO2026","The youth trial combined isometric and ballistic work in older males. It cannot prove this particular hold improves a six-test result; no tendon or pain treatment claim.","Sustained ankle force at a fixed position differs from dynamic calf-raise repetitions; no tendon-treatment claim.","Show supported calf-raise hold from setup to finish at normal speed. Keep the whole body and equipment visible. Lift both heels smoothly. Keep equal pressure through both forefeet while holding. Lower with control before the ankles wobble. Film both sides where relevant; show a reset rather than a fatigue set.","Show the setup close enough to reproduce it: Stand near a wall for light balance support. Rise only to a height the coach has taught and approved. Explain: Hold height rather than bouncing. Demonstrate the easier option: Lower heel-rise height with the same wall support. Explain that the coach chooses progression and any external load.","Explain the error without deliberately loading an unsafe position: Rolling outward onto the small toes: lower slightly and rebalance. Contrast a safe low-effort example with the correct version. Refilm normal correct repetitions. Do not demonstrate pain, maximal strain, risky falls or unsafe equipment use.","pending","Awaiting content review and three approved videos."
"wb-010","STR-512","1","2026-09-21","2026-09-27","isometric","Quadruped bear-hover hold","strength","mat","1-2 sets x 10-20 seconds","45-60 seconds between sets","trunk control; upper-body push/support","general","","NSCA2009; AAP2020; ISO2026","The youth trial combined isometric and ballistic work in older males. It cannot prove this particular hold improves a six-test result; no tendon or pain treatment claim.","Stationary four-point hover is a prerequisite for the live travelling bear crawl and alternating shoulder taps; it keeps all supports fixed and prescribes hold seconds.","Show quadruped bear-hover hold from setup to finish at normal speed. Keep the whole body and equipment visible. Brace gently and lift the knees just clear of the mat. Keep the back level and breathe without shifting backward. Lower the knees softly before control fades. Film both sides where relevant; show a reset rather than a fatigue set.","Show the setup close enough to reproduce it: Start on hands and knees on a mat with hands under shoulders and knees under hips. Explain: Keep the hover low. Demonstrate the easier option: Keep both knees on the mat while practising the brace. Explain that the coach chooses progression and any external load.","Explain the error without deliberately loading an unsafe position: Hips rising high: lower the knees and reset. Contrast a safe low-effort example with the correct version. Refilm normal correct repetitions. Do not demonstrate pain, maximal strain, risky falls or unsafe equipment use.","pending","Awaiting content review and three approved videos."
"wb-011","PLY-501","1","2026-09-21","2026-09-27","plyometric","Two-foot jump-rope rebounds","plyometrics","jumpRope","1-2 sets x 8-12 contacts","60-90 seconds between sets","ankle and calf capacity; squat/lunge and knee extension","support","vertical_jump","NSCA2009; PJT2018; PJT2014","Program-level youth evidence does not isolate this variation. Direction, support, experience and dose matter; vertical training has not consistently improved sprint time.","Adds rope timing and constrained repeat contacts to the existing free pogo series; a coordination progression, not extra jump height.","Show two-foot jump-rope rebounds from setup to finish at normal speed. Keep the whole body and equipment visible. Turn the rope with the wrists. Clear it with a low quiet rebound using both feet. Stop and reset the rope when rhythm or landing control is lost. Film both sides where relevant; show a reset rather than a fatigue set.","Show the setup close enough to reproduce it: Use a correctly sized rope on a level non-slip surface with clear overhead space. Begin with small two-foot jumps. Explain: Stay low and let the rope set the rhythm. Demonstrate the easier option: Step over a stationary rope before linking rebounds. Explain that the coach chooses progression and any external load.","Explain the error without deliberately loading an unsafe position: Large tiring jumps: slow the rope and reduce jump height. Contrast a safe low-effort example with the correct version. Refilm normal correct repetitions. Do not demonstrate pain, maximal strain, risky falls or unsafe equipment use.","pending","Awaiting content review and three approved videos."
"wb-012","PLY-502","1","2026-09-21","2026-09-27","plyometric","Lateral two-foot line hops","plyometrics","markers","1-2 sets x 8-12 contacts","60-90 seconds between sets","ankle and calf capacity; squat/lunge and knee extension; hip force and control","support","planned_change_direction","NSCA2009; PJT2018; PJT2014","Program-level youth evidence does not isolate this variation. Direction, support, experience and dose matter; vertical training has not consistently improved sprint time.","Repeated small bilateral lateral rebounds differ from vertical pogos and large alternating lateral bounds.","Show lateral two-foot line hops from setup to finish at normal speed. Keep the whole body and equipment visible. Rebound sideways across the line with both feet together. Land softly and return across the line. Stop after the planned contacts before rhythm deteriorates. Film both sides where relevant; show a reset rather than a fatigue set.","Show the setup close enough to reproduce it: Mark a low visual line on a clear level surface. Stand with both feet beside it and choose a narrow hop width. Explain: Keep the hops narrow and the knees soft. Demonstrate the easier option: Side-step across the line without hopping. Explain that the coach chooses progression and any external load.","Explain the error without deliberately loading an unsafe position: Drifting forward or widening: reduce width and reset. Contrast a safe low-effort example with the correct version. Refilm normal correct repetitions. Do not demonstrate pain, maximal strain, risky falls or unsafe equipment use.","pending","Awaiting content review and three approved videos."
"wb-013","PLY-503","1","2026-09-21","2026-09-27","plyometric","Low-box jump with step-down","plyometrics","box","1-2 sets x 3-5 reps","15-30 seconds between reps; 60-90 seconds between sets","squat/lunge and knee extension; hip force and control; ankle and calf capacity","support","vertical_jump","NSCA2009; PJT2018; PJT2014","Program-level youth evidence does not isolate this variation. Direction, support, experience and dose matter; vertical training has not consistently improved sprint time.","Landing onto a low raised surface with a step-down differs from ground landing and excludes dropping from the box.","Show low-box jump with step-down from setup to finish at normal speed. Keep the whole body and equipment visible. Dip briefly and jump onto the box with both feet. Stand balanced after a quiet full-foot landing. Step down one foot at a time and reset on the floor. Film both sides where relevant; show a reset rather than a fatigue set.","Show the setup close enough to reproduce it: Coach sets a stable low box that can be reached without excessive knee tucking. Clear the landing surface and provide a safe step-down route. Explain: Land tall enough to control the box, not in a deep tuck. Demonstrate the easier option: Unloaded ground jump and stick already in the library. Explain that the coach chooses progression and any external load.","Explain the error without deliberately loading an unsafe position: Box too high: lower it rather than pulling knees sharply upward. Contrast a safe low-effort example with the correct version. Refilm normal correct repetitions. Do not demonstrate pain, maximal strain, risky falls or unsafe equipment use.","pending","Awaiting content review and three approved videos."
"wb-014","PLY-504","1","2026-09-21","2026-09-27","plyometric","Wall plyometric push-off","plyometrics","wall","1-2 sets x 3-5 reps","15-30 seconds between reps; 60-90 seconds between sets","upper-body push/support; trunk control","general","","NSCA2009; AAP2020","Upper-body reactive work is not established as a direct improvement to a PoseTek test. Coach must check apparatus, load and catch/support competence.","Introduces upper-body stretch-shortening practice; no direct six-test performance claim.","Show wall plyometric push-off from setup to finish at normal speed. Keep the whole body and equipment visible. Bend the elbows to approach the wall as one line. Push away quickly so the hands briefly leave the wall. Meet the wall softly with bent elbows and reset. Film both sides where relevant; show a reset rather than a fatigue set.","Show the setup close enough to reproduce it: Stand facing a solid wall with hands at chest height. Coach selects a shallow body angle and checks the wall surface. Explain: Use a small controlled push-off. Demonstrate the easier option: Slow wall push-up without leaving the wall. Explain that the coach chooses progression and any external load.","Explain the error without deliberately loading an unsafe position: Stiff-arm return: reduce the angle and catch softly. Contrast a safe low-effort example with the correct version. Refilm normal correct repetitions. Do not demonstrate pain, maximal strain, risky falls or unsafe equipment use.","pending","Awaiting content review and three approved videos."
"wb-015","SPD-502","1","2026-09-21","2026-09-27","speedCod","Two-point split-stance acceleration","speed","cones","1-2 sets x 2-3 reps each side","90-120 seconds between reps; 120-180 seconds between sets","hip force and control; squat/lunge and knee extension; posterior-chain and knee-flexion capacity; ankle and calf capacity","direct","short_sprint","SPRINT2021; CONSENSUS2014","The cited sprint trial studied individually resisted sprinting, not this exact start/route. The link is task/movement-family rationale, not exercise-specific proof or a load recommendation.","A stable upright split start is a teachable alternative to falling and push-up starts, with no balance-loss or floor transition.","Show two-point split-stance acceleration from setup to finish at normal speed. Keep the whole body and equipment visible. Lean slightly from the ankles with one foot forward. Push into the first steps and accelerate smoothly through the finish. Slow down gradually beyond the finish and walk back. Film both sides where relevant; show a reset rather than a fatigue set.","Show the setup close enough to reproduce it: Mark a 10-m running lane and generous slowing zone. Set a stationary split stance with no falling or floor start. Explain: Push the ground behind you during the first steps. Demonstrate the easier option: March into a gentle 5-m acceleration. Explain that the coach chooses progression and any external load.","Explain the error without deliberately loading an unsafe position: Popping upright immediately: use a shorter relaxed effort. Contrast a safe low-effort example with the correct version. Refilm normal correct repetitions. Do not demonstrate pain, maximal strain, risky falls or unsafe equipment use.","pending","Awaiting content review and three approved videos."
"wb-016","AGL-501","1","2026-09-21","2026-09-27","speedCod","Lateral shuffle braking","agility","cones","1-2 sets x 2-3 reps each side","90-120 seconds between reps; 120-180 seconds between sets","frontal-plane hip control; squat/lunge and knee extension; hip force and control","direct","planned_change_direction","COD2019; CONSENSUS2014","The controlled study used a small older-male sample and different coached tasks. A shuttle result alone cannot diagnose braking or cutting mechanics.","Braking from a lateral shuffle differs from the existing forward-running deceleration gate.","Show lateral shuffle braking from setup to finish at normal speed. Keep the whole body and equipment visible. Shuffle sideways without crossing the feet. Use shorter final steps to reduce speed. Finish balanced at the end mark and walk back. Film both sides where relevant; show a reset rather than a fatigue set.","Show the setup close enough to reproduce it: Mark a 3-m sideways lane with an extra clear stopping zone. Begin at a moderate shuffle pace. Explain: Lower gradually before the stop. Demonstrate the easier option: Side-walk and stop in balance. Explain that the coach chooses progression and any external load.","Explain the error without deliberately loading an unsafe position: Crossing the feet at the stop: reduce entry speed. Contrast a safe low-effort example with the correct version. Refilm normal correct repetitions. Do not demonstrate pain, maximal strain, risky falls or unsafe equipment use.","pending","Awaiting content review and three approved videos."
"wb-017","SPD-503","1","2026-09-21","2026-09-27","speedCod","Wide-arc curved acceleration","speed","cones","1-2 sets x 2-3 reps each side","90-120 seconds between reps; 120-180 seconds between sets","hip force and control; squat/lunge and knee extension; posterior-chain and knee-flexion capacity; ankle and calf capacity","support","short_sprint","SPRINT2021; CONSENSUS2014","The cited sprint trial studied individually resisted sprinting, not this exact start/route. The link is task/movement-family rationale, not exercise-specific proof or a load recommendation.","Continuous curved running differs from straight build-and-fly work and a single planted cut; direct sprint-test transfer is uncertain.","Show wide-arc curved acceleration from setup to finish at normal speed. Keep the whole body and equipment visible. Build speed gradually along the arc. Lean slightly with the whole body rather than bending at the waist. Run through the exit and slow down in open space. Film both sides where relevant; show a reset rather than a fatigue set.","Show the setup close enough to reproduce it: Set cones along a gentle 15-m arc with a clear exit. Choose a wide radius and dry consistent surface. Explain: Let the curve guide the lean. Demonstrate the easier option: Jog the same wide arc. Explain that the coach chooses progression and any external load.","Explain the error without deliberately loading an unsafe position: Cutting sharply between cones: widen the arc and slow down. Contrast a safe low-effort example with the correct version. Refilm normal correct repetitions. Do not demonstrate pain, maximal strain, risky falls or unsafe equipment use.","pending","Awaiting content review and three approved videos."
"wb-018","RCV-501","1","2026-09-21","2026-09-27","ball","Self-drop instep cushion receive","receiving","ball; markers","1-2 sets x 6-8 reps each side","30-60 seconds between sets","hip force and control; squat/lunge and knee extension","general","","FIFA_RECEIVE2023; USYS2017","Official coaching guidance supports the skill family; this authored drill and draft dose have no isolated intervention proof. No direct change in dribbling time or shot speed is promised.","Introduces an explicit aerial-to-ground instep cushion rather than receiving a ground pass under pressure.","Show self-drop instep cushion receive from setup to finish at normal speed. Keep the whole body and equipment visible. Drop the ball from around waist height. Meet it with the instep and soften the receiving leg. Let the ball settle within one step then pick it up to reset. Film both sides where relevant; show a reset rather than a fatigue set.","Show the setup close enough to reproduce it: Stand inside a small marked control area with a ball. Use a low self-drop and no overhead service. Explain: Give with the ball rather than kicking it upward. Demonstrate the easier option: Drop and trap after one ground bounce. Explain that the coach chooses progression and any external load.","Explain the error without deliberately loading an unsafe position: Ball bouncing away: use a lower drop and softer contact. Contrast a safe low-effort example with the correct version. Refilm normal correct repetitions. Do not demonstrate pain, maximal strain, risky falls or unsafe equipment use.","pending","Awaiting content review and three approved videos."
"wb-019","BMA-504","1","2026-09-21","2026-09-27","ball","Drop-bounce instep juggling","ballMastery","ball","1-2 sets x 6-8 reps each side","30-60 seconds between sets","hip force and control; squat/lunge and knee extension","general","","FA_PASS2022; USYS2017","Official coaching guidance supports the skill family; this authored drill and draft dose have no isolated intervention proof. No direct change in dribbling time or shot speed is promised.","Aerial rebound timing differs from ground toe taps and foundations; progression develops ball familiarity rather than measured dribble speed.","Show drop-bounce instep juggling from setup to finish at normal speed. Keep the whole body and equipment visible. Drop the ball and let it bounce once. Lift it with a gentle instep touch no higher than waist level. Let it bounce again and repeat before catching to reset. Film both sides where relevant; show a reset rather than a fatigue set.","Show the setup close enough to reproduce it: Use one ball in a clear personal space. Begin with a hand drop and allow a ground bounce between touches. Explain: Keep touches low and the ankle steady. Demonstrate the easier option: One drop, one touch and a catch. Explain that the coach chooses progression and any external load.","Explain the error without deliberately loading an unsafe position: Kicking too hard: catch and restart with a smaller touch. Contrast a safe low-effort example with the correct version. Refilm normal correct repetitions. Do not demonstrate pain, maximal strain, risky falls or unsafe equipment use.","pending","Awaiting content review and three approved videos."
"wb-020","PAS-501","1","2026-09-21","2026-09-27","ball","Outside-foot ground pass","passing","ball; cones","1-2 sets x 6-8 passes each side","30-60 seconds between sets","hip force and control; squat/lunge and knee extension","general","","FA_PASS2022; USYS2017","Official coaching guidance supports the skill family; this authored drill and draft dose have no isolated intervention proof. No direct change in dribbling time or shot speed is promised.","Teaches a different passing contact surface rather than another inside-foot passing gate or inside-outside dribble.","Show outside-foot ground pass from setup to finish at normal speed. Keep the whole body and equipment visible. Place the support foot beside the ball. Use the outer instep to send the ball through the gate. Follow the pass naturally and retrieve it before changing feet. Film both sides where relevant; show a reset rather than a fatigue set.","Show the setup close enough to reproduce it: Set a wide target gate 3-5 m away with a clear return path. Begin with a stationary ball and comfortable stance. Explain: Use a small controlled swing. Demonstrate the easier option: Shorter outside-foot pass through a wider gate. Explain that the coach chooses progression and any external load.","Explain the error without deliberately loading an unsafe position: Forcing the ankle sideways: reduce power and review the contact surface. Contrast a safe low-effort example with the correct version. Refilm normal correct repetitions. Do not demonstrate pain, maximal strain, risky falls or unsafe equipment use.","pending","Awaiting content review and three approved videos."
"wb-021","STR-513","2","2026-09-28","2026-10-04","strength","Dumbbell Romanian deadlift","strength","dumbbells","1-2 sets x 6-8 reps","60-90 seconds between sets","hip force and control; posterior-chain and knee-flexion capacity; trunk control","support","horizontal_jump","NSCA2009; AAP2020; NEGRA2016","The named exercise, variation and dose were not isolated in the cited trials. Linking a domain is a coaching inference, not diagnosis of a weakness or a guaranteed test improvement.","Bilateral loaded lengthening hinge differs from the existing unweighted single-leg reach and elevated deadlift starting on a block.","Show dumbbell romanian deadlift from setup to finish at normal speed. Keep the whole body and equipment visible. Soften the knees and send the hips backward. Lower the weights close to the legs while the back stays steady. Drive the hips forward to stand without leaning back. Film both sides where relevant; show a reset rather than a fatigue set.","Show the setup close enough to reproduce it: Stand with coach-selected dumbbells at the thighs. Choose a hinge depth that maintains control rather than reaching the floor. Explain: Stop the descent when the hips can no longer move back comfortably. Demonstrate the easier option: Practise the hinge without weights. Explain that the coach chooses progression and any external load.","Explain the error without deliberately loading an unsafe position: Turning it into a deep squat: keep a small stable knee bend. Contrast a safe low-effort example with the correct version. Refilm normal correct repetitions. Do not demonstrate pain, maximal strain, risky falls or unsafe equipment use.","pending","Awaiting content review and three approved videos."
"wb-022","STR-514","2","2026-09-28","2026-10-04","strength","Low-box dumbbell step-up","strength","dumbbells; box","1-2 sets x 6-8 reps each side","60-90 seconds between sets","squat/lunge and knee extension; hip force and control; trunk control","support","vertical_jump","NSCA2009; AAP2020; NEGRA2016","The named exercise, variation and dose were not isolated in the cited trials. Linking a domain is a coaching inference, not diagnosis of a weakness or a guaranteed test improvement.","Adds single-leg stepping through a raised support; distinct from a ground-level lunge.","Show low-box dumbbell step-up from setup to finish at normal speed. Keep the whole body and equipment visible. Place one foot fully on the box. Rise through the leading leg while keeping the pelvis level. Step down slowly and reset on the same side. Film both sides where relevant; show a reset rather than a fatigue set.","Show the setup close enough to reproduce it: Use a stable low box that allows the full leading foot to fit. Hold coach-selected weights and leave clear space around it. Explain: Use the upper leg rather than bouncing off the floor. Demonstrate the easier option: Unloaded step-up onto a lower platform. Explain that the coach chooses progression and any external load.","Explain the error without deliberately loading an unsafe position: Pushing hard with the trailing foot: reduce box height or load. Contrast a safe low-effort example with the correct version. Refilm normal correct repetitions. Do not demonstrate pain, maximal strain, risky falls or unsafe equipment use.","pending","Awaiting content review and three approved videos."
"wb-023","STR-515","2","2026-09-28","2026-10-04","strength","Standing single-arm cable row","strength","cableMachine","1-2 sets x 6-8 reps each side","60-90 seconds between sets","upper-body pull/scapular control; trunk control","general","","NSCA2009; AAP2020","The named exercise, variation and dose were not isolated in the cited trials. Linking a domain is a coaching inference, not diagnosis of a weakness or a guaranteed test improvement.","Adds unilateral pulling with anti-rotation, unlike the bilateral chest-supported row.","Show standing single-arm cable row from setup to finish at normal speed. Keep the whole body and equipment visible. Reach the working arm forward without rounding. Pull the handle toward the ribs with the torso facing ahead. Return slowly and keep the stance still. Film both sides where relevant; show a reset rather than a fatigue set.","Show the setup close enough to reproduce it: Stand facing a chest-height cable in a stable split stance. Select a light coach-approved load. Explain: Keep the belt buckle facing the machine. Demonstrate the easier option: Use both hands on the handle with a stable stance. Explain that the coach chooses progression and any external load.","Explain the error without deliberately loading an unsafe position: Twisting to finish the row: reduce load and shorten the pull. Contrast a safe low-effort example with the correct version. Refilm normal correct repetitions. Do not demonstrate pain, maximal strain, risky falls or unsafe equipment use.","pending","Awaiting content review and three approved videos."
"wb-024","STR-516","2","2026-09-28","2026-10-04","strength","Half-kneeling dumbbell overhead press","strength","dumbbells; kneePad","1-2 sets x 6-8 reps each side","60-90 seconds between sets","upper-body push/support; trunk control","general","","NSCA2009; AAP2020","The named exercise, variation and dose were not isolated in the cited trials. Linking a domain is a coaching inference, not diagnosis of a weakness or a guaranteed test improvement.","Introduces vertical pressing with reduced leg assistance and a visible trunk-control requirement.","Show half-kneeling dumbbell overhead press from setup to finish at normal speed. Keep the whole body and equipment visible. Set the ribs above the pelvis. Press upward through a comfortable shoulder range. Lower smoothly without leaning backward. Film both sides where relevant; show a reset rather than a fatigue set.","Show the setup close enough to reproduce it: Kneel on one knee with the other foot forward. Hold one light coach-selected dumbbell at shoulder height on the kneeling side. Explain: Finish tall rather than arching the lower back. Demonstrate the easier option: Seated light dumbbell press with back support. Explain that the coach chooses progression and any external load.","Explain the error without deliberately loading an unsafe position: Side leaning: use less weight and widen the kneeling base. Contrast a safe low-effort example with the correct version. Refilm normal correct repetitions. Do not demonstrate pain, maximal strain, risky falls or unsafe equipment use.","pending","Awaiting content review and three approved videos."
"wb-025","STR-517","2","2026-09-28","2026-10-04","strength","Supine slider hamstring curl","strength","sliders; mat","1-2 sets x 6-8 reps","60-90 seconds between sets","posterior-chain and knee-flexion capacity; hip force and control","general","","NSCA2009; AAP2020","The named exercise, variation and dose were not isolated in the cited trials. Linking a domain is a coaching inference, not diagnosis of a weakness or a guaranteed test improvement.","Continuous sliding knee flexion differs from bridge walkout steps and assisted Nordic lowering.","Show supine slider hamstring curl from setup to finish at normal speed. Keep the whole body and equipment visible. Brace and slide the heels away a short distance. Keep the pelvis level as far as control allows. Pull the heels back and lower the hips to reset. Film both sides where relevant; show a reset rather than a fatigue set.","Show the setup close enough to reproduce it: Lie on a mat with heels on sliders on a smooth clear floor. Bend the knees and lift the hips to a comfortable bridge. Explain: Use a range you can return from smoothly. Demonstrate the easier option: Slide one heel at a time with the hips resting on the mat. Explain that the coach chooses progression and any external load.","Explain the error without deliberately loading an unsafe position: Hips dropping during the slide: shorten the distance. Contrast a safe low-effort example with the correct version. Refilm normal correct repetitions. Do not demonstrate pain, maximal strain, risky falls or unsafe equipment use.","pending","Awaiting content review and three approved videos."
"wb-026","STR-518","2","2026-09-28","2026-10-04","strength","Standing cable hip adduction","strength","cableMachine","1-2 sets x 6-8 reps each side","60-90 seconds between sets","frontal-plane hip control; hip force and control","general","","NSCA2009; AAP2020","The named exercise, variation and dose were not isolated in the cited trials. Linking a domain is a coaching inference, not diagnosis of a weakness or a guaranteed test improvement.","Dynamic adjustable hip adduction complements the existing short-lever isometric support; no injury-prevention promise.","Show standing cable hip adduction from setup to finish at normal speed. Keep the whole body and equipment visible. Start with the working leg slightly away from the body. Bring it toward the midline without swinging the pelvis. Return slowly without pulling across the standing foot. Film both sides where relevant; show a reset rather than a fatigue set.","Show the setup close enough to reproduce it: Use a secure low-cable ankle cuff fitted by the coach. Stand beside the machine with a hand on a fixed support. Explain: Keep the toes and pelvis facing forward. Demonstrate the easier option: Side-lying unweighted hip adduction taught by the coach. Explain that the coach chooses progression and any external load.","Explain the error without deliberately loading an unsafe position: Trunk swinging: lighten the load and reduce the range. Contrast a safe low-effort example with the correct version. Refilm normal correct repetitions. Do not demonstrate pain, maximal strain, risky falls or unsafe equipment use.","pending","Awaiting content review and three approved videos."
"wb-027","STR-519","2","2026-09-28","2026-10-04","strength","Single-arm suitcase carry","strength","dumbbells; markers","1-2 sets x 10-15 meters each side","60-90 seconds between sets","trunk control; hip force and control","general","","NSCA2009; AAP2020","The named exercise, variation and dose were not isolated in the cited trials. Linking a domain is a coaching inference, not diagnosis of a weakness or a guaranteed test improvement.","Adds anti-lateral-flexion while walking under asymmetrical load rather than a stationary plank.","Show single-arm suitcase carry from setup to finish at normal speed. Keep the whole body and equipment visible. Stand tall with the weight at one side. Walk slowly without leaning or letting the weight swing. Set the weight down under control before changing sides. Film both sides where relevant; show a reset rather than a fatigue set.","Show the setup close enough to reproduce it: Mark a clear 10-m lane with turning space. Pick up one coach-selected dumbbell using the taught lifting pattern. Explain: Keep both shoulders level. Demonstrate the easier option: Static unloaded marching with level shoulders. Explain that the coach chooses progression and any external load.","Explain the error without deliberately loading an unsafe position: Leaning away from the weight: reduce load or shorten the lane. Contrast a safe low-effort example with the correct version. Refilm normal correct repetitions. Do not demonstrate pain, maximal strain, risky falls or unsafe equipment use.","pending","Awaiting content review and three approved videos."
"wb-028","STR-520","2","2026-09-28","2026-10-04","isometric","Heel-dig long-lever bridge hold","strength","mat","1-2 sets x 10-20 seconds","45-60 seconds between sets","posterior-chain and knee-flexion capacity; hip force and control; trunk control","general","","NSCA2009; AAP2020; ISO2026","The youth trial combined isometric and ballistic work in older males. It cannot prove this particular hold improves a six-test result; no tendon or pain treatment claim.","Static long-lever heel loading differs from travelling bridge walkout steps.","Show heel-dig long-lever bridge hold from setup to finish at normal speed. Keep the whole body and equipment visible. Press the heels down and gently lift the pelvis. Hold level hips while breathing normally. Lower and relax before the next effort. Film both sides where relevant; show a reset rather than a fatigue set.","Show the setup close enough to reproduce it: Lie on a mat with heels farther from the hips than a standard bridge. Use the distance selected by the coach. Explain: Keep pressure through both heels. Demonstrate the easier option: Standard bent-knee floor bridge hold. Explain that the coach chooses progression and any external load.","Explain the error without deliberately loading an unsafe position: Cramping or losing height: stop and shorten the lever. Contrast a safe low-effort example with the correct version. Refilm normal correct repetitions. Do not demonstrate pain, maximal strain, risky falls or unsafe equipment use.","pending","Awaiting content review and three approved videos."
"wb-029","STR-521","2","2026-09-28","2026-10-04","isometric","Tall-kneeling cable anti-rotation hold","strength","cableMachine; kneePad","1-2 sets x 10-20 seconds each side","45-60 seconds between sets","trunk control","general","","NSCA2009; AAP2020; ISO2026","The youth trial combined isometric and ballistic work in older males. It cannot prove this particular hold improves a six-test result; no tendon or pain treatment claim.","Static anti-rotation in tall kneeling removes the standing base used in the dynamic press.","Show tall-kneeling cable anti-rotation hold from setup to finish at normal speed. Keep the whole body and equipment visible. Stack the ribs over the pelvis. Hold the hands still in front without turning. Bring the handle back to the chest before relaxing. Film both sides where relevant; show a reset rather than a fatigue set.","Show the setup close enough to reproduce it: Kneel tall side-on to a chest-height cable. Use a light coach-approved load and extend the hands comfortably. Explain: Keep pressure even through both knees. Demonstrate the easier option: Hold the handle nearer the chest. Explain that the coach chooses progression and any external load.","Explain the error without deliberately loading an unsafe position: Leaning away from the cable: reduce load. Contrast a safe low-effort example with the correct version. Refilm normal correct repetitions. Do not demonstrate pain, maximal strain, risky falls or unsafe equipment use.","pending","Awaiting content review and three approved videos."
"wb-030","STR-522","2","2026-09-28","2026-10-04","isometric","Prone small-range trunk hold","strength","mat","1-2 sets x 10-20 seconds","45-60 seconds between sets","trunk control","general","","NSCA2009; AAP2020; ISO2026","The youth trial combined isometric and ballistic work in older males. It cannot prove this particular hold improves a six-test result; no tendon or pain treatment claim.","Adds posterior trunk endurance; it is general preparation, not treatment for back pain.","Show prone small-range trunk hold from setup to finish at normal speed. Keep the whole body and equipment visible. Lengthen through the crown of the head. Lift the chest only slightly without throwing the head back. Hold briefly while breathing then lower slowly. Film both sides where relevant; show a reset rather than a fatigue set.","Show the setup close enough to reproduce it: Lie face-down with arms beside the body and forehead near the mat. Coach selects a very small comfortable lift. Explain: Think long rather than high. Demonstrate the easier option: Prone brace without lifting the chest. Explain that the coach chooses progression and any external load.","Explain the error without deliberately loading an unsafe position: Large lower-back arch: reduce the lift or keep the chest down. Contrast a safe low-effort example with the correct version. Refilm normal correct repetitions. Do not demonstrate pain, maximal strain, risky falls or unsafe equipment use.","pending","Awaiting content review and three approved videos."
"wb-031","PLY-505","2","2026-09-28","2026-10-04","plyometric","Alternating-foot jump-rope rhythm","plyometrics","jumpRope","1-2 sets x 8-12 contacts","60-90 seconds between sets","ankle and calf capacity; squat/lunge and knee extension; hip force and control","support","short_sprint","NSCA2009; PJT2018; PJT2014","Program-level youth evidence does not isolate this variation. Direction, support, experience and dose matter; vertical training has not consistently improved sprint time.","Alternating support changes the unilateral rhythm demand from two-foot rope rebounds; supportive, not proven sprint transfer.","Show alternating-foot jump-rope rhythm from setup to finish at normal speed. Keep the whole body and equipment visible. Turn the rope at an easy rhythm. Alternate the landing foot while keeping each rebound low. Stop and reset if a foot catches or posture changes. Film both sides where relevant; show a reset rather than a fatigue set.","Show the setup close enough to reproduce it: Use a fitted rope and clear non-slip area. First demonstrate two-foot rope control. Explain: Count every landing as one contact. Demonstrate the easier option: Two-foot jump-rope rebounds. Explain that the coach chooses progression and any external load.","Explain the error without deliberately loading an unsafe position: Bouncing too high on one leg: slow down and reduce height. Contrast a safe low-effort example with the correct version. Refilm normal correct repetitions. Do not demonstrate pain, maximal strain, risky falls or unsafe equipment use.","pending","Awaiting content review and three approved videos."
"wb-032","PLY-506","2","2026-09-28","2026-10-04","plyometric","Single-leg forward-back line hops","plyometrics","markers","1-2 sets x 8-12 contacts each side","60-90 seconds between sets","ankle and calf capacity; squat/lunge and knee extension; hip force and control","support","horizontal_jump","NSCA2009; PJT2018; PJT2014","Program-level youth evidence does not isolate this variation. Direction, support, experience and dose matter; vertical training has not consistently improved sprint time.","Repeated fore-aft reactive hopping differs from a forward hop with a held landing.","Show single-leg forward-back line hops from setup to finish at normal speed. Keep the whole body and equipment visible. Hop a small distance forward across the line. Rebound backward across it on the same foot. Stop in balance after the planned contacts then change legs. Film both sides where relevant; show a reset rather than a fatigue set.","Show the setup close enough to reproduce it: Mark a flat line with clear space ahead and behind. Coach confirms repeated single-leg landing competence. Explain: Keep the movements small and predictable. Demonstrate the easier option: Two-foot forward-back line steps or hops. Explain that the coach chooses progression and any external load.","Explain the error without deliberately loading an unsafe position: Large backward jumps or knee collapse: reduce the range and stop. Contrast a safe low-effort example with the correct version. Refilm normal correct repetitions. Do not demonstrate pain, maximal strain, risky falls or unsafe equipment use.","pending","Awaiting content review and three approved videos."
"wb-033","PLY-507","2","2026-09-28","2026-10-04","plyometric","Hopscotch single-to-double landings","plyometrics","markers","1-2 sets x 8-12 contacts","60-90 seconds between sets","squat/lunge and knee extension; hip force and control; ankle and calf capacity","support","planned_change_direction","NSCA2009; PJT2018; PJT2014","Program-level youth evidence does not isolate this variation. Direction, support, experience and dose matter; vertical training has not consistently improved sprint time.","Practises transitions between one- and two-foot support rather than repeated same-leg or bilateral jumps.","Show hopscotch single-to-double landings from setup to finish at normal speed. Keep the whole body and equipment visible. Hop from one foot to a two-foot landing. Push from two feet into the next single-foot landing. Finish in balance and walk back before changing the starting foot. Film both sides where relevant; show a reset rather than a fatigue set.","Show the setup close enough to reproduce it: Lay out a short alternating pattern of one central mark and two side marks. Keep each spacing small. Explain: Match the landing shape to the marks. Demonstrate the easier option: Step through the same single-to-double pattern. Explain that the coach chooses progression and any external load.","Explain the error without deliberately loading an unsafe position: Rushing past the marks: shorten the spacing. Contrast a safe low-effort example with the correct version. Refilm normal correct repetitions. Do not demonstrate pain, maximal strain, risky falls or unsafe equipment use.","pending","Awaiting content review and three approved videos."
"wb-034","PLY-508","2","2026-09-28","2026-10-04","plyometric","Medicine-ball rebound chest pass","plyometrics","medicineBall; wall","1-2 sets x 3-5 reps","15-30 seconds between reps; 60-90 seconds between sets","upper-body push/support; trunk control","general","","NSCA2009; AAP2020","Upper-body reactive work is not established as a direct improvement to a PoseTek test. Coach must check apparatus, load and catch/support competence.","Upper-body reactive catch-and-pass develops a distinct power skill; not evidence that it raises soccer shot speed.","Show medicine-ball rebound chest pass from setup to finish at normal speed. Keep the whole body and equipment visible. Push the ball from the chest toward the wall. Receive the rebound with bent elbows and a steady trunk. Redirect it smoothly then stop before catching quality declines. Film both sides where relevant; show a reset rather than a fatigue set.","Show the setup close enough to reproduce it: Coach selects a light rebound-safe medicine ball and a suitable clear wall. Stand far enough away to receive a gentle rebound. Explain: Let the arms absorb the ball before the next push. Demonstrate the easier option: Separate each gentle chest pass with a full catch and reset. Explain that the coach chooses progression and any external load.","Explain the error without deliberately loading an unsafe position: Rigid catching or uncontrolled rebound: use a lighter ball and lower speed. Contrast a safe low-effort example with the correct version. Refilm normal correct repetitions. Do not demonstrate pain, maximal strain, risky falls or unsafe equipment use.","pending","Awaiting content review and three approved videos."
"wb-035","SPD-504","2","2026-09-28","2026-10-04","speedCod","Side-on crossover acceleration","speed","cones","1-2 sets x 2-3 reps each side","90-120 seconds between reps; 120-180 seconds between sets","hip force and control; squat/lunge and knee extension; posterior-chain and knee-flexion capacity; ankle and calf capacity","support","short_sprint","SPRINT2021; CONSENSUS2014","The cited sprint trial studied individually resisted sprinting, not this exact start/route. The link is task/movement-family rationale, not exercise-specific proof or a load recommendation.","Starts sideways with a crossover rather than pressing forward, reacting and recovering; a discrete orientation-to-acceleration skill.","Show side-on crossover acceleration from setup to finish at normal speed. Keep the whole body and equipment visible. Turn the hips toward the lane using a smooth crossover. Continue into forward running for the remaining distance. Slow down gradually and reset to practise the opposite side. Film both sides where relevant; show a reset rather than a fatigue set.","Show the setup close enough to reproduce it: Stand side-on to a clear 8-m lane with a generous slowing area. Coach selects the first crossover step. Explain: Turn into the lane before building speed. Demonstrate the easier option: Walking crossover into a jog. Explain that the coach chooses progression and any external load.","Explain the error without deliberately loading an unsafe position: Tangling the feet: rehearse the first two steps slowly. Contrast a safe low-effort example with the correct version. Refilm normal correct repetitions. Do not demonstrate pain, maximal strain, risky falls or unsafe equipment use.","pending","Awaiting content review and three approved videos."
"wb-036","AGL-502","2","2026-09-28","2026-10-04","speedCod","Planned 135-degree cut","agility","cones","1-2 sets x 2-3 reps each side","90-120 seconds between reps; 120-180 seconds between sets","squat/lunge and knee extension; hip force and control; frontal-plane hip control","direct","planned_change_direction","COD2019; CONSENSUS2014","The controlled study used a small older-male sample and different coached tasks. A shuttle result alone cannot diagnose braking or cutting mechanics.","An intermediate obtuse cut bridges existing 45/90 degree and 180 degree tasks; requires its own braking and exit coaching.","Show planned 135-degree cut from setup to finish at normal speed. Keep the whole body and equipment visible. Shorten the final approach steps to brake. Plant and redirect toward the angled return lane. Accelerate a few steps out then slow down fully. Film both sides where relevant; show a reset rather than a fatigue set.","Show the setup close enough to reproduce it: Mark a short approach and an exit turning back at about 135 degrees. Begin with a controlled jogging approach. Explain: Brake before the turn, not only on the final foot. Demonstrate the easier option: Walk the same obtuse-angle turn. Explain that the coach chooses progression and any external load.","Explain the error without deliberately loading an unsafe position: Overrunning the corner: lower entry speed. Contrast a safe low-effort example with the correct version. Refilm normal correct repetitions. Do not demonstrate pain, maximal strain, risky falls or unsafe equipment use.","pending","Awaiting content review and three approved videos."
"wb-037","AGL-503","2","2026-09-28","2026-10-04","speedCod","Shuffle-to-crossover transition","agility","cones","1-2 sets x 2-3 reps each side","90-120 seconds between reps; 120-180 seconds between sets","frontal-plane hip control; hip force and control; squat/lunge and knee extension","direct","planned_change_direction","COD2019; CONSENSUS2014","The controlled study used a small older-male sample and different coached tasks. A shuttle result alone cannot diagnose braking or cutting mechanics.","A specified lateral gait transition differs from the mixed-movement corner game and a single side-on sprint start.","Show shuffle-to-crossover transition from setup to finish at normal speed. Keep the whole body and equipment visible. Shuffle to the first marker facing forward. Change smoothly to crossover running without a full stop. Finish in balance and walk back before repeating the other way. Film both sides where relevant; show a reset rather than a fatigue set.","Show the setup close enough to reproduce it: Mark 3 m of lateral shuffle followed by a 5-m lateral travel lane. Keep the route clear and preplanned. Explain: Change foot pattern without rushing. Demonstrate the easier option: Walk the shuffle-to-crossover pattern. Explain that the coach chooses progression and any external load.","Explain the error without deliberately loading an unsafe position: Feet colliding at transition: slow the approach and rehearse. Contrast a safe low-effort example with the correct version. Refilm normal correct repetitions. Do not demonstrate pain, maximal strain, risky falls or unsafe equipment use.","pending","Awaiting content review and three approved videos."
"wb-038","RCV-502","2","2026-09-28","2026-10-04","ball","Thigh-to-foot aerial receive","receiving","ball; markers","1-2 sets x 6-8 reps each side","30-60 seconds between sets","hip force and control; squat/lunge and knee extension","general","","FIFA_RECEIVE2023; USYS2017","Official coaching guidance supports the skill family; this authored drill and draft dose have no isolated intervention proof. No direct change in dribbling time or shot speed is promised.","Uses a thigh cushion before foot control, distinct from existing ground first-touch routes.","Show thigh-to-foot aerial receive from setup to finish at normal speed. Keep the whole body and equipment visible. Lift one thigh to meet the falling ball. Lower it slightly on contact to soften the touch. Let the ball drop to the foot for a controlled ground touch. Film both sides where relevant; show a reset rather than a fatigue set.","Show the setup close enough to reproduce it: Stand in a clear marked area with one ball. Start with a gentle self-toss just above the thigh. Explain: Meet the ball with the thigh, not the knee point. Demonstrate the easier option: Thigh cushion then catch the ball. Explain that the coach chooses progression and any external load.","Explain the error without deliberately loading an unsafe position: Popping the ball high: lower the toss and soften the thigh. Contrast a safe low-effort example with the correct version. Refilm normal correct repetitions. Do not demonstrate pain, maximal strain, risky falls or unsafe equipment use.","pending","Awaiting content review and three approved videos."
"wb-039","PAS-502","2","2026-09-28","2026-10-04","ball","Sole layoff to supporting partner","passing","ball; cones","1-2 sets x 6-8 passes each side","30-60 seconds between sets","hip force and control; squat/lunge and knee extension","general","","FA_PASS2022; USYS2017","Official coaching guidance supports the skill family; this authored drill and draft dose have no isolated intervention proof. No direct change in dribbling time or shot speed is promised.","A deliberate sole pass to support differs from individual sole rolls/pull-push mastery and a generic three-player combination.","Show sole layoff to supporting partner from setup to finish at normal speed. Keep the whole body and equipment visible. Look toward the supporting partner before moving the ball. Roll the ball backward with the sole into the partner's path. Release the foot cleanly and move to receive the return. Film both sides where relevant; show a reset rather than a fatigue set.","Show the setup close enough to reproduce it: A partner stands 2-3 m diagonally behind. Check that space, then place a stationary ball under the working foot. Explain: Choose the pass path before rolling. Demonstrate the easier option: Roll to a stationary gate instead of a partner. Explain that the coach chooses progression and any external load.","Explain the error without deliberately loading an unsafe position: Rolling without checking behind: pause and scan first. Contrast a safe low-effort example with the correct version. Refilm normal correct repetitions. Do not demonstrate pain, maximal strain, risky falls or unsafe equipment use.","pending","Awaiting content review and three approved videos."
"wb-040","SHT-506","2","2026-09-28","2026-10-04","ball","Short-range toe-poke finish","shooting","ball; goal; cones","1-2 sets x 4-6 shots each side","45-60 seconds between sets","hip force and control; squat/lunge and knee extension","general","","FA_FINISH2022; USYS2017","Official coaching guidance supports the skill family; this authored drill and draft dose have no isolated intervention proof. No direct change in dribbling time or shot speed is promised.","Different short-backswing contact technique from laces striking or a generic first-time finish; no maximum shot-speed claim.","Show short-range toe-poke finish from setup to finish at normal speed. Keep the whole body and equipment visible. Set the support foot beside the ball. Use a brief forward toe contact with a firm comfortable ankle. Recover balance and retrieve only after the shooting lane is clear. Film both sides where relevant; show a reset rather than a fatigue set.","Show the setup close enough to reproduce it: Set a close safe shooting distance and a wide target in a secured goal. Coach demonstrates a short controlled toe contact; no goalkeeper is required. Explain: Use a short backswing and modest force. Demonstrate the easier option: Very gentle toe pass through a nearby gate. Explain that the coach chooses progression and any external load.","Explain the error without deliberately loading an unsafe position: Jabbing the ground: reset the ball and reduce speed. Contrast a safe low-effort example with the correct version. Refilm normal correct repetitions. Do not demonstrate pain, maximal strain, risky falls or unsafe equipment use.","pending","Awaiting content review and three approved videos."
"wb-041","STR-523","3","2026-10-05","2026-10-11","strength","High-handle trap-bar deadlift","strength","trapBar; weightPlates","1-2 sets x 6-8 reps","60-90 seconds between sets","hip force and control; squat/lunge and knee extension; trunk control","support","vertical_jump; horizontal_jump","NSCA2009; AAP2020; NEGRA2016","The named exercise, variation and dose were not isolated in the cited trials. Linking a domain is a coaching inference, not diagnosis of a weakness or a guaranteed test improvement.","Introduces a centered bilateral bar lift with different grip/setup from kettlebell or dumbbell hinges.","Show high-handle trap-bar deadlift from setup to finish at normal speed. Keep the whole body and equipment visible. Hinge and bend the knees to grip both handles. Brace and stand while keeping the bar level. Lower onto the floor with control and reset every repetition. Film both sides where relevant; show a reset rather than a fatigue set.","Show the setup close enough to reproduce it: Coach checks the trap bar, handles and plate security. Stand centered using an approved starting height and load. Explain: Push the floor away and keep the handles level. Demonstrate the easier option: Elevated kettlebell deadlift with coach instruction. Explain that the coach chooses progression and any external load.","Explain the error without deliberately loading an unsafe position: Jerking off the floor: lower the load and rebuild the setup. Contrast a safe low-effort example with the correct version. Refilm normal correct repetitions. Do not demonstrate pain, maximal strain, risky falls or unsafe equipment use.","pending","Awaiting content review and three approved videos."
"wb-042","STR-524","3","2026-10-05","2026-10-11","strength","Front-foot-elevated dumbbell split squat","strength","dumbbells; box","1-2 sets x 6-8 reps each side","60-90 seconds between sets","squat/lunge and knee extension; hip force and control; trunk control","support","planned_change_direction","NSCA2009; AAP2020; NEGRA2016","The named exercise, variation and dose were not isolated in the cited trials. Linking a domain is a coaching inference, not diagnosis of a weakness or a guaranteed test improvement.","A controlled range-expansion progression from the existing split-squat hold, with dynamic external loading.","Show front-foot-elevated dumbbell split squat from setup to finish at normal speed. Keep the whole body and equipment visible. Lower vertically while keeping the front foot planted. Use only the range that keeps the pelvis controlled. Rise through the front leg without springing off the rear foot. Film both sides where relevant; show a reset rather than a fatigue set.","Show the setup close enough to reproduce it: Place the front foot on a secure shallow platform. Hold coach-selected weights and set a comfortable split stance. Explain: Let the front knee travel naturally while the heel stays down. Demonstrate the easier option: Ground-level unloaded split squat. Explain that the coach chooses progression and any external load.","Explain the error without deliberately loading an unsafe position: Excessive depth and tipping: reduce platform height and range. Contrast a safe low-effort example with the correct version. Refilm normal correct repetitions. Do not demonstrate pain, maximal strain, risky falls or unsafe equipment use.","pending","Awaiting content review and three approved videos."
"wb-043","STR-525","3","2026-10-05","2026-10-11","strength","Cable lat pulldown","strength","cableMachine; bench","1-2 sets x 6-8 reps","60-90 seconds between sets","upper-body pull/scapular control","general","","NSCA2009; AAP2020","The named exercise, variation and dose were not isolated in the cited trials. Linking a domain is a coaching inference, not diagnosis of a weakness or a guaranteed test improvement.","Adds scalable vertical pulling rather than another horizontal row.","Show cable lat pulldown from setup to finish at normal speed. Keep the whole body and equipment visible. Sit tall with feet supported. Pull the handle toward the upper chest without leaning far back. Return until the arms comfortably lengthen. Film both sides where relevant; show a reset rather than a fatigue set.","Show the setup close enough to reproduce it: Coach fits the seat and thigh restraint on a lat-pulldown station. Use a light approved load and a comfortable grip. Explain: Lead with the elbows, not a backward body swing. Demonstrate the easier option: Lighter pulldown with a shorter comfortable range. Explain that the coach chooses progression and any external load.","Explain the error without deliberately loading an unsafe position: Pulling behind the neck: keep the handle in front and reduce load. Contrast a safe low-effort example with the correct version. Refilm normal correct repetitions. Do not demonstrate pain, maximal strain, risky falls or unsafe equipment use.","pending","Awaiting content review and three approved videos."
"wb-044","STR-526","3","2026-10-05","2026-10-11","strength","Incline dumbbell bench press","strength","dumbbells; bench","1-2 sets x 6-8 reps","60-90 seconds between sets","upper-body push/support","general","","NSCA2009; AAP2020","The named exercise, variation and dose were not isolated in the cited trials. Linking a domain is a coaching inference, not diagnosis of a weakness or a guaranteed test improvement.","Changes pressing angle and available range from floor pressing; a planned progression, not a renamed flat press.","Show incline dumbbell bench press from setup to finish at normal speed. Keep the whole body and equipment visible. Hold the weights above the upper chest. Lower in control through a comfortable shoulder range. Press upward without arching off the bench. Film both sides where relevant; show a reset rather than a fatigue set.","Show the setup close enough to reproduce it: Set a stable shallow incline bench. Coach helps select and position dumbbells; keep the feet supported. Explain: Keep the feet planted and shoulders supported. Demonstrate the easier option: Dumbbell floor press. Explain that the coach chooses progression and any external load.","Explain the error without deliberately loading an unsafe position: Dropping too deep: limit the range and lighten the load. Contrast a safe low-effort example with the correct version. Refilm normal correct repetitions. Do not demonstrate pain, maximal strain, risky falls or unsafe equipment use.","pending","Awaiting content review and three approved videos."
"wb-045","STR-527","3","2026-10-05","2026-10-11","strength","Bench-supported dumbbell hip thrust","strength","dumbbells; bench; mat","1-2 sets x 6-8 reps","60-90 seconds between sets","hip force and control; posterior-chain and knee-flexion capacity; trunk control","general","","NSCA2009; AAP2020","The named exercise, variation and dose were not isolated in the cited trials. Linking a domain is a coaching inference, not diagnosis of a weakness or a guaranteed test improvement.","External hip-extension loading from supported shoulders differs from hamstring walkout steps.","Show bench-supported dumbbell hip thrust from setup to finish at normal speed. Keep the whole body and equipment visible. Set the feet so the shins are comfortable at the top. Lift the hips while keeping the ribs down. Lower slowly without letting the weight roll. Film both sides where relevant; show a reset rather than a fatigue set.","Show the setup close enough to reproduce it: Secure a bench against movement. Support the upper back on it and place a padded coach-selected dumbbell across the hips. Explain: Finish by extending the hips, not arching the back. Demonstrate the easier option: Unloaded floor bridge. Explain that the coach chooses progression and any external load.","Explain the error without deliberately loading an unsafe position: Overextending at the top: lower the load and stop earlier. Contrast a safe low-effort example with the correct version. Refilm normal correct repetitions. Do not demonstrate pain, maximal strain, risky falls or unsafe equipment use.","pending","Awaiting content review and three approved videos."
"wb-046","STR-528","3","2026-10-05","2026-10-11","strength","Cable pull-through","strength","cableMachine","1-2 sets x 6-8 reps","60-90 seconds between sets","hip force and control; posterior-chain and knee-flexion capacity; trunk control","support","horizontal_jump","NSCA2009; AAP2020; NEGRA2016","The named exercise, variation and dose were not isolated in the cited trials. Linking a domain is a coaching inference, not diagnosis of a weakness or a guaranteed test improvement.","Cable resistance pulls backward through the hinge and teaches a different force direction from gravity-loaded dumbbells.","Show cable pull-through from setup to finish at normal speed. Keep the whole body and equipment visible. Hold the rope between the legs and hinge backward. Stand by bringing the hips forward without pulling with the arms. Return slowly while keeping the cable clear of the legs. Film both sides where relevant; show a reset rather than a fatigue set.","Show the setup close enough to reproduce it: Attach a rope to a low cable. Face away and take a stable stance with a coach-approved light load. Explain: Keep the arms long and let the hips do the work. Demonstrate the easier option: Unloaded hinge or elevated kettlebell deadlift. Explain that the coach chooses progression and any external load.","Explain the error without deliberately loading an unsafe position: Being pulled backward: lower the resistance and reset the stance. Contrast a safe low-effort example with the correct version. Refilm normal correct repetitions. Do not demonstrate pain, maximal strain, risky falls or unsafe equipment use.","pending","Awaiting content review and three approved videos."
"wb-047","STR-529","3","2026-10-05","2026-10-11","strength","Half-kneeling cable chop","strength","cableMachine; kneePad","1-2 sets x 6-8 reps each side","60-90 seconds between sets","trunk control; upper-body pull/scapular control","general","","NSCA2009; AAP2020","The named exercise, variation and dose were not isolated in the cited trials. Linking a domain is a coaching inference, not diagnosis of a weakness or a guaranteed test improvement.","Adds controlled diagonal trunk/arm coordination beyond straight anti-rotation pressing; not a shot-speed treatment.","Show half-kneeling cable chop from setup to finish at normal speed. Keep the whole body and equipment visible. Hold the handle with both hands near the high side. Guide it diagonally across the body while the pelvis stays steady. Return slowly without being pulled off balance. Film both sides where relevant; show a reset rather than a fatigue set.","Show the setup close enough to reproduce it: Set a cable above shoulder height. Kneel side-on in a stable half-kneeling stance with a light coach-selected load. Explain: Turn through a comfortable upper-body range without yanking. Demonstrate the easier option: Standing anti-rotation press. Explain that the coach chooses progression and any external load.","Explain the error without deliberately loading an unsafe position: Twisting the knee or arching: reduce the range and load. Contrast a safe low-effort example with the correct version. Refilm normal correct repetitions. Do not demonstrate pain, maximal strain, risky falls or unsafe equipment use.","pending","Awaiting content review and three approved videos."
"wb-048","STR-530","3","2026-10-05","2026-10-11","isometric","Incline push-up midpoint hold","strength","bench","1-2 sets x 10-20 seconds","45-60 seconds between sets","upper-body push/support; trunk control","general","","NSCA2009; AAP2020; ISO2026","The youth trial combined isometric and ballistic work in older males. It cannot prove this particular hold improves a six-test result; no tendon or pain treatment claim.","Static elbow-bent upper-body support is distinct from the bear hover and floor press.","Show incline push-up midpoint hold from setup to finish at normal speed. Keep the whole body and equipment visible. Lower a small distance with the body in one line. Hold without locking the breath or dropping the hips. Press back up and step forward to finish. Film both sides where relevant; show a reset rather than a fatigue set.","Show the setup close enough to reproduce it: Place hands on a stable fixed bench. Step back into an incline plank; coach selects a manageable elbow bend. Explain: Keep the whole body aligned. Demonstrate the easier option: Straight-arm incline support hold. Explain that the coach chooses progression and any external load.","Explain the error without deliberately loading an unsafe position: Sagging hips: use a higher support and shorter hold. Contrast a safe low-effort example with the correct version. Refilm normal correct repetitions. Do not demonstrate pain, maximal strain, risky falls or unsafe equipment use.","pending","Awaiting content review and three approved videos."
"wb-049","STR-531","3","2026-10-05","2026-10-11","isometric","Supported single-leg hinge hold","strength","wall","1-2 sets x 10-20 seconds each side","45-60 seconds between sets","hip force and control; posterior-chain and knee-flexion capacity; trunk control","general","","NSCA2009; AAP2020; ISO2026","The youth trial combined isometric and ballistic work in older males. It cannot prove this particular hold improves a six-test result; no tendon or pain treatment claim.","Fixed-position unilateral hinge endurance differs from the existing dynamic single-leg reach.","Show supported single-leg hinge hold from setup to finish at normal speed. Keep the whole body and equipment visible. Move the free leg back as the torso tips forward. Hold the pelvis level without twisting. Return to standing slowly before switching sides. Film both sides where relevant; show a reset rather than a fatigue set.","Show the setup close enough to reproduce it: Stand beside a wall for light support. Hinge on one leg into the range selected by the coach. Explain: Keep the standing knee softly bent. Demonstrate the easier option: Two-foot hinge hold with hands supported. Explain that the coach chooses progression and any external load.","Explain the error without deliberately loading an unsafe position: Opening the hip outward: reduce the hinge range. Contrast a safe low-effort example with the correct version. Refilm normal correct repetitions. Do not demonstrate pain, maximal strain, risky falls or unsafe equipment use.","pending","Awaiting content review and three approved videos."
"wb-050","STR-532","3","2026-10-05","2026-10-11","isometric","Seated ball-squeeze hold","strength","ball; bench","1-2 sets x 10-20 seconds","45-60 seconds between sets","frontal-plane hip control","general","","NSCA2009; AAP2020; ISO2026","The youth trial combined isometric and ballistic work in older males. It cannot prove this particular hold improves a six-test result; no tendon or pain treatment claim.","Bilateral supported adductor squeeze differs from the existing side-supported Copenhagen hold and cable adduction.","Show seated ball-squeeze hold from setup to finish at normal speed. Keep the whole body and equipment visible. Sit tall and settle the ball between the knees. Squeeze steadily while continuing to breathe. Release gradually before the next hold. Film both sides where relevant; show a reset rather than a fatigue set.","Show the setup close enough to reproduce it: Sit on a stable bench with feet flat and a soft ball between the knees. Use gentle-to-moderate effort directed by the coach. Explain: Use smooth pressure, not a maximal squeeze. Demonstrate the easier option: Very gentle shorter squeezes. Explain that the coach chooses progression and any external load.","Explain the error without deliberately loading an unsafe position: Holding the breath: reduce effort and shorten the hold. Contrast a safe low-effort example with the correct version. Refilm normal correct repetitions. Do not demonstrate pain, maximal strain, risky falls or unsafe equipment use.","pending","Awaiting content review and three approved videos."
"wb-051","PLY-509","3","2026-10-05","2026-10-11","plyometric","Medicine-ball rotational rebound pass","plyometrics","medicineBall; wall","1-2 sets x 3-5 reps each side","15-30 seconds between reps; 60-90 seconds between sets","trunk control; hip force and control; upper-body push/support","general","","NSCA2009; AAP2020","Upper-body reactive work is not established as a direct improvement to a PoseTek test. Coach must check apparatus, load and catch/support competence.","Transverse-plane reactive trunk and arm work differs from the straight chest rebound; replaces a proposed skip that overlapped the live A Series Circuit.","Show medicine-ball rotational rebound pass from setup to finish at normal speed. Keep the whole body and equipment visible. Turn the hips and trunk together to pass the ball sideways to the wall. Receive the gentle rebound with soft arms while allowing the body to turn. Redirect smoothly then stop and reset before changing sides. Film both sides where relevant; show a reset rather than a fatigue set.","Show the setup close enough to reproduce it: Stand side-on to a suitable clear wall with a light rebound-safe medicine ball. Coach checks the turning space and starts with gentle throws. Explain: Let the feet turn with the hips rather than twisting a planted knee. Demonstrate the easier option: Gentle side pass followed by a complete catch and reset. Explain that the coach chooses progression and any external load.","Explain the error without deliberately loading an unsafe position: Throwing too hard to receive safely: reduce speed and catch fully. Contrast a safe low-effort example with the correct version. Refilm normal correct repetitions. Do not demonstrate pain, maximal strain, risky falls or unsafe equipment use.","pending","Awaiting content review and three approved videos."
"wb-052","PLY-510","3","2026-10-05","2026-10-11","plyometric","Quarter-turn jump and stick","plyometrics","markers","1-2 sets x 3-5 reps each side","15-30 seconds between reps; 60-90 seconds between sets","squat/lunge and knee extension; hip force and control; ankle and calf capacity; trunk control","support","planned_change_direction","NSCA2009; PJT2018; PJT2014","Program-level youth evidence does not isolate this variation. Direction, support, experience and dose matter; vertical training has not consistently improved sprint time.","Adds controlled transverse-plane orientation to the existing straight jump-and-stick drill.","Show quarter-turn jump and stick from setup to finish at normal speed. Keep the whole body and equipment visible. Dip and make a small two-foot jump. Turn the whole body a quarter turn in the air. Land softly facing the new direction and hold before resetting. Film both sides where relevant; show a reset rather than a fatigue set.","Show the setup close enough to reproduce it: Place a starting mark and a second facing direction at a quarter turn. Use a clear level surface. Explain: Turn the trunk and feet together. Demonstrate the easier option: Step-and-turn into the same landing stance. Explain that the coach chooses progression and any external load.","Explain the error without deliberately loading an unsafe position: Twisting after the feet land: reduce the turn and jump size. Contrast a safe low-effort example with the correct version. Refilm normal correct repetitions. Do not demonstrate pain, maximal strain, risky falls or unsafe equipment use.","pending","Awaiting content review and three approved videos."
"wb-053","PLY-511","3","2026-10-05","2026-10-11","plyometric","Split-stance switch jump","plyometrics","markers","1-2 sets x 3-5 reps","15-30 seconds between reps; 60-90 seconds between sets","squat/lunge and knee extension; hip force and control; ankle and calf capacity","support","vertical_jump","NSCA2009; PJT2018; PJT2014","Program-level youth evidence does not isolate this variation. Direction, support, experience and dose matter; vertical training has not consistently improved sprint time.","Bilateral split-stance takeoff and leg switching differ from single-leg vertical jumps and static split holds.","Show split-stance switch jump from setup to finish at normal speed. Keep the whole body and equipment visible. Dip a little through both knees. Jump only high enough to swap the front and back feet. Land softly in the opposite split stance and reset. Film both sides where relevant; show a reset rather than a fatigue set.","Show the setup close enough to reproduce it: Take a short split stance on a clear surface. Coach first confirms a controlled split squat and small jump. Explain: Keep the stance short and the landing quiet. Demonstrate the easier option: Step-switch the feet without a jump. Explain that the coach chooses progression and any external load.","Explain the error without deliberately loading an unsafe position: Deep uncontrolled lunge landing: shorten the stance and reduce height. Contrast a safe low-effort example with the correct version. Refilm normal correct repetitions. Do not demonstrate pain, maximal strain, risky falls or unsafe equipment use.","pending","Awaiting content review and three approved videos."
"wb-054","PLY-512","3","2026-10-05","2026-10-11","plyometric","Two-step approach vertical jump","plyometrics","markers","1-2 sets x 3-5 reps","15-30 seconds between reps; 60-90 seconds between sets","squat/lunge and knee extension; hip force and control; ankle and calf capacity","support","vertical_jump","NSCA2009; PJT2018; PJT2014","Program-level youth evidence does not isolate this variation. Direction, support, experience and dose matter; vertical training has not consistently improved sprint time.","Converts a short approach into upward impulse rather than duplicating stationary countermovement jumps.","Show two-step approach vertical jump from setup to finish at normal speed. Keep the whole body and equipment visible. Walk or jog two controlled steps into a two-foot plant. Use the arms and legs to jump upward. Land on two feet and regain balance before walking back. Film both sides where relevant; show a reset rather than a fatigue set.","Show the setup close enough to reproduce it: Mark a short two-step approach ending at a takeoff zone. No overhead ball or target is required. Explain: Make the last steps controlled rather than long. Demonstrate the easier option: Standing countermovement jump already in the library. Explain that the coach chooses progression and any external load.","Explain the error without deliberately loading an unsafe position: Running too fast into the plant: slow the approach. Contrast a safe low-effort example with the correct version. Refilm normal correct repetitions. Do not demonstrate pain, maximal strain, risky falls or unsafe equipment use.","pending","Awaiting content review and three approved videos."
"wb-055","SPD-505","3","2026-10-05","2026-10-11","speedCod","Half-kneeling acceleration start","speed","cones; kneePad","1-2 sets x 2-3 reps each side","90-120 seconds between reps; 120-180 seconds between sets","hip force and control; squat/lunge and knee extension; posterior-chain and knee-flexion capacity; ankle and calf capacity","direct","short_sprint","SPRINT2021; CONSENSUS2014","The cited sprint trial studied individually resisted sprinting, not this exact start/route. The link is task/movement-family rationale, not exercise-specific proof or a load recommendation.","Unilateral kneeling-to-running is a distinct floor-transition progression from a bilateral push-up start.","Show half-kneeling acceleration start from setup to finish at normal speed. Keep the whole body and equipment visible. Lean slightly forward and brace. Push through the front foot to rise directly into running. Accelerate through the finish then slow down gradually. Film both sides where relevant; show a reset rather than a fatigue set.","Show the setup close enough to reproduce it: Place a knee pad at the start of an 8-m lane with clear run-off. One knee rests down and the other foot is forward. Explain: Rise forward rather than standing straight up first. Demonstrate the easier option: Half-kneeling rise into a walk. Explain that the coach chooses progression and any external load.","Explain the error without deliberately loading an unsafe position: Using a deep awkward first step: reduce speed and rehearse the rise. Contrast a safe low-effort example with the correct version. Refilm normal correct repetitions. Do not demonstrate pain, maximal strain, risky falls or unsafe equipment use.","pending","Awaiting content review and three approved videos."
"wb-056","AGL-504","3","2026-10-05","2026-10-11","speedCod","Backpedal drop-step acceleration","agility","cones","1-2 sets x 2-3 reps each side","90-120 seconds between reps; 120-180 seconds between sets","hip force and control; squat/lunge and knee extension; posterior-chain and knee-flexion capacity; ankle and calf capacity","direct","planned_change_direction","COD2019; CONSENSUS2014","The controlled study used a small older-male sample and different coached tasks. A shuttle result alone cannot diagnose braking or cutting mechanics.","Starts with backward travel and a preplanned open turn, rather than the existing press-to-reactive-recovery sequence.","Show backpedal drop-step acceleration from setup to finish at normal speed. Keep the whole body and equipment visible. Backpedal under control to the turning mark. Open the hip with a drop step toward the exit. Run forward through the exit and slow down safely. Film both sides where relevant; show a reset rather than a fatigue set.","Show the setup close enough to reproduce it: Mark a 3-m backward lane and a diagonal 6-m forward exit. Check the rear space before every effort. Explain: Turn the hips before trying to sprint. Demonstrate the easier option: Backward walk into the same turn. Explain that the coach chooses progression and any external load.","Explain the error without deliberately loading an unsafe position: Twisting over a planted foot: slow down and rehearse the step. Contrast a safe low-effort example with the correct version. Refilm normal correct repetitions. Do not demonstrate pain, maximal strain, risky falls or unsafe equipment use.","pending","Awaiting content review and three approved videos."
"wb-057","SPD-506","3","2026-10-05","2026-10-11","speedCod","Curve-to-straight acceleration","speed","cones","1-2 sets x 2-3 reps each side","90-120 seconds between reps; 120-180 seconds between sets","hip force and control; squat/lunge and knee extension; posterior-chain and knee-flexion capacity; ankle and calf capacity","support","short_sprint","SPRINT2021; CONSENSUS2014","The cited sprint trial studied individually resisted sprinting, not this exact start/route. The link is task/movement-family rationale, not exercise-specific proof or a load recommendation.","Practises exiting a curve without a planted cut, progressing the wide-arc task while preserving continuous running.","Show curve-to-straight acceleration from setup to finish at normal speed. Keep the whole body and equipment visible. Build controlled speed along the curve. Gradually align the body with the straight lane. Continue running without a sharp planted cut and then decelerate. Film both sides where relevant; show a reset rather than a fatigue set.","Show the setup close enough to reproduce it: Lay out a gentle 8-m curve joining a straight 8-m lane. Leave space beyond the finish to slow down. Explain: Let the curve unwind smoothly. Demonstrate the easier option: Jog from the arc onto the straight lane. Explain that the coach chooses progression and any external load.","Explain the error without deliberately loading an unsafe position: Sudden pivot at the join: widen the connection and reduce pace. Contrast a safe low-effort example with the correct version. Refilm normal correct repetitions. Do not demonstrate pain, maximal strain, risky falls or unsafe equipment use.","pending","Awaiting content review and three approved videos."
"wb-058","RCV-503","3","2026-10-05","2026-10-11","ball","Chest-to-foot aerial receive","receiving","ball; markers","1-2 sets x 6-8 reps","30-60 seconds between sets","trunk control; hip force and control","general","","FIFA_RECEIVE2023; USYS2017","Official coaching guidance supports the skill family; this authored drill and draft dose have no isolated intervention proof. No direct change in dribbling time or shot speed is promised.","Chest-to-foot aerial control is a new receiving surface and flight condition, not a pressure-receiving rename.","Show chest-to-foot aerial receive from setup to finish at normal speed. Keep the whole body and equipment visible. Move into line with the falling ball. Let the chest soften the contact without heading the ball. Guide the dropping ball to the foot and settle it nearby. Film both sides where relevant; show a reset rather than a fatigue set.","Show the setup close enough to reproduce it: Use a gentle self-toss in a clear area. Keep the ball below head height and start with a comfortable chest-level service. Explain: Soften the chest rather than striking the ball away. Demonstrate the easier option: Chest cushion followed by a catch. Explain that the coach chooses progression and any external load.","Explain the error without deliberately loading an unsafe position: Ball contacting the face: lower the toss and stop to reset. Contrast a safe low-effort example with the correct version. Refilm normal correct repetitions. Do not demonstrate pain, maximal strain, risky falls or unsafe equipment use.","pending","Awaiting content review and three approved videos."
"wb-059","PAS-503","3","2026-10-05","2026-10-11","ball","Driven instep ground pass","passing","ball; cones","1-2 sets x 6-8 passes each side","30-60 seconds between sets","hip force and control; squat/lunge and knee extension","general","","FA_PASS2022; USYS2017","Official coaching guidance supports the skill family; this authored drill and draft dose have no isolated intervention proof. No direct change in dribbling time or shot speed is promised.","Develops a low driven passing trajectory, distinct from long lofted target passing and shooting for speed.","Show driven instep ground pass from setup to finish at normal speed. Keep the whole body and equipment visible. Take a short controlled approach. Contact near the center of the ball with the laces and a steady ankle. Follow through toward the target while keeping the ball low. Film both sides where relevant; show a reset rather than a fatigue set.","Show the setup close enough to reproduce it: Place a wide target gate 8-12 m away on a clear level surface. Coach selects a manageable distance, not maximum power. Explain: Prioritize a clean low pass over force. Demonstrate the easier option: Short stationary instep pass. Explain that the coach chooses progression and any external load.","Explain the error without deliberately loading an unsafe position: Leaning back and lifting the ball: shorten the approach. Contrast a safe low-effort example with the correct version. Refilm normal correct repetitions. Do not demonstrate pain, maximal strain, risky falls or unsafe equipment use.","pending","Awaiting content review and three approved videos."
"wb-060","SHT-507","3","2026-10-05","2026-10-11","ball","Inside-foot curling finish","shooting","ball; goal; cones","1-2 sets x 4-6 shots each side","45-60 seconds between sets","hip force and control; squat/lunge and knee extension","general","","FA_FINISH2022; USYS2017","Official coaching guidance supports the skill family; this authored drill and draft dose have no isolated intervention proof. No direct change in dribbling time or shot speed is promised.","Explicit spin/contact instruction differs from a far-post target pattern and straight laces-speed practice.","Show inside-foot curling finish from setup to finish at normal speed. Keep the whole body and equipment visible. Approach at a small angle and place the support foot securely. Brush the inside of the foot around the side of the ball. Finish balanced and check the resulting curve before resetting. Film both sides where relevant; show a reset rather than a fatigue set.","Show the setup close enough to reproduce it: Mark a short angled approach to a secured goal and a wide finishing zone. Start at a comfortable distance with no goalkeeper. Explain: Use controlled spin rather than maximum power. Demonstrate the easier option: Short curling pass toward a wide gate. Explain that the coach chooses progression and any external load.","Explain the error without deliberately loading an unsafe position: Over-rotating or slipping: reduce approach speed. Contrast a safe low-effort example with the correct version. Refilm normal correct repetitions. Do not demonstrate pain, maximal strain, risky falls or unsafe equipment use.","pending","Awaiting content review and three approved videos."
"wb-061","STR-533","4","2026-10-12","2026-10-18","strength","Machine leg press","strength","legPressMachine","1-2 sets x 6-8 reps","60-90 seconds between sets","squat/lunge and knee extension; hip force and control","support","vertical_jump","NSCA2009; AAP2020; NEGRA2016","The named exercise, variation and dose were not isolated in the cited trials. Linking a domain is a coaching inference, not diagnosis of a weakness or a guaranteed test improvement.","Machine-supported adjustable loading offers an alternative when a suitable machine fits; not an automatic upgrade for age.","Show machine leg press from setup to finish at normal speed. Keep the whole body and equipment visible. Release the stops as instructed and lower in control. Stop before the pelvis rolls or the heels lift. Press smoothly without forcefully locking the knees. Film both sides where relevant; show a reset rather than a fatigue set.","Show the setup close enough to reproduce it: Coach confirms the machine fits, adjusts the seat and explains the stops. Use an approved light load and foot position. Explain: Maintain contact with the back pad throughout. Demonstrate the easier option: Goblet squat or unloaded squat if the machine does not fit. Explain that the coach chooses progression and any external load.","Explain the error without deliberately loading an unsafe position: Descending too far: shorten the range and reset the seat. Contrast a safe low-effort example with the correct version. Refilm normal correct repetitions. Do not demonstrate pain, maximal strain, risky falls or unsafe equipment use.","pending","Awaiting content review and three approved videos."
"wb-062","STR-534","4","2026-10-12","2026-10-18","strength","Dumbbell lateral lunge","strength","dumbbells","1-2 sets x 6-8 reps each side","60-90 seconds between sets","frontal-plane hip control; squat/lunge and knee extension; hip force and control","support","planned_change_direction","NSCA2009; AAP2020; NEGRA2016","The named exercise, variation and dose were not isolated in the cited trials. Linking a domain is a coaching inference, not diagnosis of a weakness or a guaranteed test improvement.","Introduces frontal-plane loaded strength distinct from reverse or split-stance lunges.","Show dumbbell lateral lunge from setup to finish at normal speed. Keep the whole body and equipment visible. Step sideways and sit into the stepping hip. Keep the other leg long while both feet stay grounded. Push back to the start and regain balance. Film both sides where relevant; show a reset rather than a fatigue set.","Show the setup close enough to reproduce it: Stand in a clear space holding light coach-selected dumbbells. Mark a comfortable side step. Explain: Keep the knee following the toes of the stepping foot. Demonstrate the easier option: Unloaded shallow side lunge. Explain that the coach chooses progression and any external load.","Explain the error without deliberately loading an unsafe position: Rolling onto the inner foot: reduce step width and load. Contrast a safe low-effort example with the correct version. Refilm normal correct repetitions. Do not demonstrate pain, maximal strain, risky falls or unsafe equipment use.","pending","Awaiting content review and three approved videos."
"wb-063","STR-535","4","2026-10-12","2026-10-18","strength","Seated leg-curl machine","strength","legCurlMachine","1-2 sets x 6-8 reps","60-90 seconds between sets","posterior-chain and knee-flexion capacity","general","","NSCA2009; AAP2020","The named exercise, variation and dose were not isolated in the cited trials. Linking a domain is a coaching inference, not diagnosis of a weakness or a guaranteed test improvement.","Machine-scaled knee flexion provides external loading distinct from bodyweight bridge or Nordic progressions.","Show seated leg-curl machine from setup to finish at normal speed. Keep the whole body and equipment visible. Keep the pelvis against the seat. Bend the knees smoothly to draw the pad down and back. Return slowly without letting the weight stack slam. Film both sides where relevant; show a reset rather than a fatigue set.","Show the setup close enough to reproduce it: Coach adjusts the seat, thigh pad and ankle pad to fit. Choose a light approved load and comfortable knee range. Explain: Move at the knees while the hips remain still. Demonstrate the easier option: Short-range slider curl under coach instruction. Explain that the coach chooses progression and any external load.","Explain the error without deliberately loading an unsafe position: Arching or lifting off the seat: check fit and reduce load. Contrast a safe low-effort example with the correct version. Refilm normal correct repetitions. Do not demonstrate pain, maximal strain, risky falls or unsafe equipment use.","pending","Awaiting content review and three approved videos."
"wb-064","STR-536","4","2026-10-12","2026-10-18","strength","Band-assisted pull-up","strength","pullUpBar; resistanceBand; box","1-2 sets x 6-8 reps","60-90 seconds between sets","upper-body pull/scapular control; trunk control","general","","NSCA2009; AAP2020","The named exercise, variation and dose were not isolated in the cited trials. Linking a domain is a coaching inference, not diagnosis of a weakness or a guaranteed test improvement.","Closed-chain vertical pulling with assistance differs from seated cable pulling and requires a safe mounting procedure.","Show band-assisted pull-up from setup to finish at normal speed. Keep the whole body and equipment visible. Start with a comfortable active hang. Pull the chest toward the bar without kicking. Lower smoothly and use the step to dismount safely. Film both sides where relevant; show a reset rather than a fatigue set.","Show the setup close enough to reproduce it: Coach secures and checks the assistance band, bar and step. Mount under supervision; do not jump into the band. Explain: Use a smooth pull and keep the legs quiet. Demonstrate the easier option: Cable lat pulldown. Explain that the coach chooses progression and any external load.","Explain the error without deliberately loading an unsafe position: Swinging or snapping the band: stop and increase assistance. Contrast a safe low-effort example with the correct version. Refilm normal correct repetitions. Do not demonstrate pain, maximal strain, risky falls or unsafe equipment use.","pending","Awaiting content review and three approved videos."
"wb-065","STR-537","4","2026-10-12","2026-10-18","strength","Single-arm dumbbell overhead carry","strength","dumbbells; markers","1-2 sets x 10-15 meters each side","60-90 seconds between sets","upper-body push/support; trunk control","general","","NSCA2009; AAP2020","The named exercise, variation and dose were not isolated in the cited trials. Linking a domain is a coaching inference, not diagnosis of a weakness or a guaranteed test improvement.","Overhead load stability while walking is a distinct progression from the low suitcase carry.","Show single-arm dumbbell overhead carry from setup to finish at normal speed. Keep the whole body and equipment visible. Press or receive the weight overhead as taught. Walk slowly with ribs over the pelvis and elbow steady. Stop, lower the weight safely and change sides. Film both sides where relevant; show a reset rather than a fatigue set.","Show the setup close enough to reproduce it: Coach confirms a comfortable overhead hold with a light dumbbell. Mark a short clear lane; no low fixtures nearby. Explain: Keep the arm stable without forcing an end range. Demonstrate the easier option: Half-kneeling light overhead press. Explain that the coach chooses progression and any external load.","Explain the error without deliberately loading an unsafe position: Leaning back: reduce the weight and shorten the carry. Contrast a safe low-effort example with the correct version. Refilm normal correct repetitions. Do not demonstrate pain, maximal strain, risky falls or unsafe equipment use.","pending","Awaiting content review and three approved videos."
"wb-066","STR-538","4","2026-10-12","2026-10-18","strength","Incline-bench dumbbell Y raise","strength","dumbbells; bench","1-2 sets x 6-8 reps","60-90 seconds between sets","upper-body pull/scapular control","general","","NSCA2009; AAP2020","The named exercise, variation and dose were not isolated in the cited trials. Linking a domain is a coaching inference, not diagnosis of a weakness or a guaranteed test improvement.","Adds shoulder-elevation/scapular control rather than duplicating rows or pulldowns; general development only.","Show incline-bench dumbbell y raise from setup to finish at normal speed. Keep the whole body and equipment visible. Set the neck comfortably and let arms hang. Lift the arms into a wide Y through a comfortable range. Lower slowly while the chest remains supported. Film both sides where relevant; show a reset rather than a fatigue set.","Show the setup close enough to reproduce it: Lie chest-down on a shallow incline bench with very light coach-selected weights. Leave room for the arms to move forward. Explain: Reach long rather than shrugging the shoulders. Demonstrate the easier option: Unweighted supported Y raise. Explain that the coach chooses progression and any external load.","Explain the error without deliberately loading an unsafe position: Lifting too high with a shrug: reduce range and use less weight. Contrast a safe low-effort example with the correct version. Refilm normal correct repetitions. Do not demonstrate pain, maximal strain, risky falls or unsafe equipment use.","pending","Awaiting content review and three approved videos."
"wb-067","STR-539","4","2026-10-12","2026-10-18","strength","Split-stance single-arm cable press","strength","cableMachine","1-2 sets x 6-8 reps each side","60-90 seconds between sets","upper-body push/support; trunk control","general","","NSCA2009; AAP2020","The named exercise, variation and dose were not isolated in the cited trials. Linking a domain is a coaching inference, not diagnosis of a weakness or a guaranteed test improvement.","Unilateral standing pressing adds anti-rotation and stance control beyond supported bilateral pressing.","Show split-stance single-arm cable press from setup to finish at normal speed. Keep the whole body and equipment visible. Hold the handle beside the chest and brace. Press forward without rotating the pelvis. Return slowly and maintain the same stance. Film both sides where relevant; show a reset rather than a fatigue set.","Show the setup close enough to reproduce it: Set one cable at chest height behind the athlete. Adopt a stable split stance with a coach-approved light load. Explain: Keep both hips facing forward. Demonstrate the easier option: Dumbbell floor press or two-hand light cable press. Explain that the coach chooses progression and any external load.","Explain the error without deliberately loading an unsafe position: Turning the whole body to finish: lower resistance. Contrast a safe low-effort example with the correct version. Refilm normal correct repetitions. Do not demonstrate pain, maximal strain, risky falls or unsafe equipment use.","pending","Awaiting content review and three approved videos."
"wb-068","STR-540","4","2026-10-12","2026-10-18","isometric","Half-kneeling dumbbell overhead hold","strength","dumbbells; kneePad","1-2 sets x 10-20 seconds each side","45-60 seconds between sets","upper-body push/support; trunk control","general","","NSCA2009; AAP2020; ISO2026","The youth trial combined isometric and ballistic work in older males. It cannot prove this particular hold improves a six-test result; no tendon or pain treatment claim.","Stationary overhead stability precedes overhead carrying and is distinct from dynamic pressing.","Show half-kneeling dumbbell overhead hold from setup to finish at normal speed. Keep the whole body and equipment visible. Bring the weight overhead using the taught press. Hold with ribs down and normal breathing. Lower under control before switching sides. Film both sides where relevant; show a reset rather than a fatigue set.","Show the setup close enough to reproduce it: Adopt a stable half-kneeling stance and use a light coach-selected dumbbell. Confirm the overhead position is comfortable. Explain: Keep the hand above the shoulder without leaning. Demonstrate the easier option: Half-kneeling unloaded overhead reach hold. Explain that the coach chooses progression and any external load.","Explain the error without deliberately loading an unsafe position: Arching backward: reduce load or use a lower hand position. Contrast a safe low-effort example with the correct version. Refilm normal correct repetitions. Do not demonstrate pain, maximal strain, risky falls or unsafe equipment use.","pending","Awaiting content review and three approved videos."
"wb-069","STR-541","4","2026-10-12","2026-10-18","isometric","Seated cable-row hold","strength","cableMachine; bench","1-2 sets x 10-20 seconds","45-60 seconds between sets","upper-body pull/scapular control; trunk control","general","","NSCA2009; AAP2020; ISO2026","The youth trial combined isometric and ballistic work in older males. It cannot prove this particular hold improves a six-test result; no tendon or pain treatment claim.","Static upper-pull endurance differs from the dynamic row variations.","Show seated cable-row hold from setup to finish at normal speed. Keep the whole body and equipment visible. Sit tall and set the shoulder blades comfortably. Hold the elbows beside the body without shrugging. Let the arms extend slowly to finish. Film both sides where relevant; show a reset rather than a fatigue set.","Show the setup close enough to reproduce it: Sit facing a low cable with feet supported and a coach-approved light load. Hold the handle near the lower ribs. Explain: Keep the chest still while breathing. Demonstrate the easier option: Shorter hold with a lighter load. Explain that the coach chooses progression and any external load.","Explain the error without deliberately loading an unsafe position: Leaning backward to hold the weight: reduce resistance. Contrast a safe low-effort example with the correct version. Refilm normal correct repetitions. Do not demonstrate pain, maximal strain, risky falls or unsafe equipment use.","pending","Awaiting content review and three approved videos."
"wb-070","STR-542","4","2026-10-12","2026-10-18","isometric","Seated hip-flexion self-resisted hold","strength","bench","1-2 sets x 10-20 seconds each side","45-60 seconds between sets","hip force and control; trunk control","general","","NSCA2009; AAP2020; ISO2026","The youth trial combined isometric and ballistic work in older males. It cannot prove this particular hold improves a six-test result; no tendon or pain treatment claim.","Adds low-equipment hip-flexor force practice absent from hip-extension and adductor entries; general support only.","Show seated hip-flexion self-resisted hold from setup to finish at normal speed. Keep the whole body and equipment visible. Lift the knee slightly toward the hands. Press the hands gently downward while keeping the thigh still. Release gradually and place the foot down. Film both sides where relevant; show a reset rather than a fatigue set.","Show the setup close enough to reproduce it: Sit upright on a bench with feet supported. Place both hands on the thigh just above one knee; coach sets a moderate effort. Explain: Keep the pelvis level and breathe normally. Demonstrate the easier option: Unresisted brief seated knee lift. Explain that the coach chooses progression and any external load.","Explain the error without deliberately loading an unsafe position: Leaning back to lift the knee: lower the effort. Contrast a safe low-effort example with the correct version. Refilm normal correct repetitions. Do not demonstrate pain, maximal strain, risky falls or unsafe equipment use.","pending","Awaiting content review and three approved videos."
"wb-071","PLY-513","4","2026-10-12","2026-10-18","plyometric","Lateral power skips","plyometrics","markers","1-2 sets x 8-12 contacts each side","60-90 seconds between sets","hip force and control; squat/lunge and knee extension; ankle and calf capacity","support","planned_change_direction","NSCA2009; PJT2018; PJT2014","Program-level youth evidence does not isolate this variation. Direction, support, experience and dose matter; vertical training has not consistently improved sprint time.","Skipping includes an intervening step and rhythm change, unlike continuous alternating lateral bounds.","Show lateral power skips from setup to finish at normal speed. Keep the whole body and equipment visible. Push sideways and lift the leading knee slightly. Land and bring the trailing foot through without crossing. Continue for the planned contacts then reverse after rest. Film both sides where relevant; show a reset rather than a fatigue set.","Show the setup close enough to reproduce it: Mark a short sideways lane with no obstacles. Coach demonstrates a low controlled side-skip rhythm. Explain: Travel sideways without turning into a forward run. Demonstrate the easier option: Side-step with a small rise. Explain that the coach chooses progression and any external load.","Explain the error without deliberately loading an unsafe position: Crossing the feet: slow down and shorten the side travel. Contrast a safe low-effort example with the correct version. Refilm normal correct repetitions. Do not demonstrate pain, maximal strain, risky falls or unsafe equipment use.","pending","Awaiting content review and three approved videos."
"wb-072","PLY-514","4","2026-10-12","2026-10-18","plyometric","Backward two-foot hop and stick","plyometrics","markers","1-2 sets x 3-5 reps","15-30 seconds between reps; 60-90 seconds between sets","squat/lunge and knee extension; hip force and control; ankle and calf capacity","support","planned_change_direction","NSCA2009; PJT2018; PJT2014","Program-level youth evidence does not isolate this variation. Direction, support, experience and dose matter; vertical training has not consistently improved sprint time.","Adds backward landing orientation, unlike existing forward-distance and vertical landings.","Show backward two-foot hop and stick from setup to finish at normal speed. Keep the whole body and equipment visible. Look at the clear landing zone before starting. Make a small two-foot hop backward. Land quietly and hold balance before walking forward to reset. Film both sides where relevant; show a reset rather than a fatigue set.","Show the setup close enough to reproduce it: Check the landing space behind the athlete and mark a very short backward distance. Coach supervises the first attempts. Explain: Keep the hop short enough to control. Demonstrate the easier option: Backward step and balanced stop. Explain that the coach chooses progression and any external load.","Explain the error without deliberately loading an unsafe position: Leaning far backward: shorten the hop. Contrast a safe low-effort example with the correct version. Refilm normal correct repetitions. Do not demonstrate pain, maximal strain, risky falls or unsafe equipment use.","pending","Awaiting content review and three approved videos."
"wb-073","PLY-515","4","2026-10-12","2026-10-18","plyometric","Incline plyometric push-up","plyometrics","bench","1-2 sets x 3-5 reps","15-30 seconds between reps; 60-90 seconds between sets","upper-body push/support; trunk control","general","","NSCA2009; AAP2020","Upper-body reactive work is not established as a direct improvement to a PoseTek test. Coach must check apparatus, load and catch/support competence.","A greater relative-load progression from wall push-offs; separate film shows support setup and landing demands.","Show incline plyometric push-up from setup to finish at normal speed. Keep the whole body and equipment visible. Lower with the body in one line. Push quickly until the hands briefly leave the support. Land the hands softly with bent elbows and reset. Film both sides where relevant; show a reset rather than a fatigue set.","Show the setup close enough to reproduce it: Use a fixed non-slip bench or high platform selected by the coach. Confirm normal incline push-ups and wall push-offs first. Explain: Keep the push-off small and the support steady. Demonstrate the easier option: Wall plyometric push-off. Explain that the coach chooses progression and any external load.","Explain the error without deliberately loading an unsafe position: Stiff arms or sagging hips: use a higher support. Contrast a safe low-effort example with the correct version. Refilm normal correct repetitions. Do not demonstrate pain, maximal strain, risky falls or unsafe equipment use.","pending","Awaiting content review and three approved videos."
"wb-074","PLY-516","4","2026-10-12","2026-10-18","plyometric","Alternating forward bounds","plyometrics","markers","1-2 sets x 8-12 contacts","60-90 seconds between sets","hip force and control; squat/lunge and knee extension; posterior-chain and knee-flexion capacity; ankle and calf capacity","support","horizontal_jump; short_sprint","NSCA2009; PJT2018; PJT2014","Program-level youth evidence does not isolate this variation. Direction, support, experience and dose matter; vertical training has not consistently improved sprint time.","Alternating contralateral bounds differ from same-leg hop repeats and bilateral triple broad jumps.","Show alternating forward bounds from setup to finish at normal speed. Keep the whole body and equipment visible. Push forward from one leg and land on the opposite leg. Continue with alternating arms and legs for the planned contacts. Finish balanced and walk back for full recovery. Film both sides where relevant; show a reset rather than a fatigue set.","Show the setup close enough to reproduce it: Mark a short clear lane. Coach selects modest distances and confirms stable single-leg landings. Explain: Land under control rather than reaching for distance. Demonstrate the easier option: Walking exaggerated strides with a pause. Explain that the coach chooses progression and any external load.","Explain the error without deliberately loading an unsafe position: Heel reaching and loud landing: reduce bound distance. Contrast a safe low-effort example with the correct version. Refilm normal correct repetitions. Do not demonstrate pain, maximal strain, risky falls or unsafe equipment use.","pending","Awaiting content review and three approved videos."
"wb-075","SPD-507","4","2026-10-12","2026-10-18","speedCod","Accelerate-float-accelerate run","speed","cones","1-2 sets x 2-3 reps","90-120 seconds between reps; 120-180 seconds between sets","hip force and control; squat/lunge and knee extension; posterior-chain and knee-flexion capacity; ankle and calf capacity","support","short_sprint","SPRINT2021; CONSENSUS2014","The cited sprint trial studied individually resisted sprinting, not this exact start/route. The link is task/movement-family rationale, not exercise-specific proof or a load recommendation.","Within-run pace modulation differs from a single build-and-fly effort and repeated short-rest sprints.","Show accelerate-float-accelerate run from setup to finish at normal speed. Keep the whole body and equipment visible. Build speed through the first zone. Maintain relaxed forward rhythm through the middle zone. Increase speed smoothly again in the final zone before slowing down. Film both sides where relevant; show a reset rather than a fatigue set.","Show the setup close enough to reproduce it: Mark three consecutive 8-m zones and a clear slowing area. Coach sets submaximal controlled speeds and explains the float. Explain: Float means relaxed running, not braking. Demonstrate the easier option: Jog-float-jog with clear zone boundaries. Explain that the coach chooses progression and any external load.","Explain the error without deliberately loading an unsafe position: Stopping in the middle: reduce the pace and rehearse. Contrast a safe low-effort example with the correct version. Refilm normal correct repetitions. Do not demonstrate pain, maximal strain, risky falls or unsafe equipment use.","pending","Awaiting content review and three approved videos."
"wb-076","AGL-505","4","2026-10-12","2026-10-18","speedCod","Backward-running brake and hold","agility","cones","1-2 sets x 2-3 reps","90-120 seconds between reps; 120-180 seconds between sets","squat/lunge and knee extension; hip force and control; ankle and calf capacity","direct","planned_change_direction","COD2019; CONSENSUS2014","The controlled study used a small older-male sample and different coached tasks. A shuttle result alone cannot diagnose braking or cutting mechanics.","Backward braking adds a different travel orientation from the existing forward deceleration gate.","Show backward-running brake and hold from setup to finish at normal speed. Keep the whole body and equipment visible. Run backward at a controlled pace. Shorten the steps progressively before the stop mark. Finish balanced and turn to walk back. Film both sides where relevant; show a reset rather than a fatigue set.","Show the setup close enough to reproduce it: Mark a short clear backward lane and a generous stopping space. Coach checks the surface and rear visibility. Explain: Keep backward steps short enough to manage. Demonstrate the easier option: Backward walking stop. Explain that the coach chooses progression and any external load.","Explain the error without deliberately loading an unsafe position: Leaning far backward: slow down and use smaller steps. Contrast a safe low-effort example with the correct version. Refilm normal correct repetitions. Do not demonstrate pain, maximal strain, risky falls or unsafe equipment use.","pending","Awaiting content review and three approved videos."
"wb-077","AGL-506","4","2026-10-12","2026-10-18","speedCod","Lateral crossover brake and square","agility","cones","1-2 sets x 2-3 reps each side","90-120 seconds between reps; 120-180 seconds between sets","frontal-plane hip control; squat/lunge and knee extension; hip force and control","direct","planned_change_direction","COD2019; CONSENSUS2014","The controlled study used a small older-male sample and different coached tasks. A shuttle result alone cannot diagnose braking or cutting mechanics.","Braking out of crossover gait differs from forward braking and shuffle braking; a distinct foot-organization progression.","Show lateral crossover brake and square from setup to finish at normal speed. Keep the whole body and equipment visible. Travel sideways with crossover steps. Uncross the feet into shorter steps before the finish. Stop facing forward with a stable wide-enough base. Film both sides where relevant; show a reset rather than a fatigue set.","Show the setup close enough to reproduce it: Mark a 5-m sideways lane and an extra stopping zone. Practise crossover running slowly before adding a stop. Explain: Uncross before the final stop. Demonstrate the easier option: Side-walk, uncross and hold. Explain that the coach chooses progression and any external load.","Explain the error without deliberately loading an unsafe position: Trying to stop with crossed feet: slow down and add an uncross step. Contrast a safe low-effort example with the correct version. Refilm normal correct repetitions. Do not demonstrate pain, maximal strain, risky falls or unsafe equipment use.","pending","Awaiting content review and three approved videos."
"wb-078","PAS-504","4","2026-10-12","2026-10-18","ball","Low half-volley wall return","passing","ball; wall; markers","1-2 sets x 6-8 passes each side","30-60 seconds between sets","hip force and control; squat/lunge and knee extension","general","","FA_PASS2022; USYS2017","Official coaching guidance supports the skill family; this authored drill and draft dose have no isolated intervention proof. No direct change in dribbling time or shot speed is promised.","Adds a bounce-timed aerial contact to existing ground wall-pass rhythm; it is not simply a one-touch wall variant.","Show low half-volley wall return from setup to finish at normal speed. Keep the whole body and equipment visible. Drop the ball and allow one ground bounce. Meet it just after the bounce with a controlled instep pass. Receive the rebound safely and reset rather than rushing. Film both sides where relevant; show a reset rather than a fatigue set.","Show the setup close enough to reproduce it: Use a suitable clear wall and mark a low target. Stand close enough for a gentle return and begin with a self-drop. Explain: Time contact after the bounce while the ball is low. Demonstrate the easier option: Stationary instep pass against the wall. Explain that the coach chooses progression and any external load.","Explain the error without deliberately loading an unsafe position: Swinging at a high ball: catch and restart with a lower drop. Contrast a safe low-effort example with the correct version. Refilm normal correct repetitions. Do not demonstrate pain, maximal strain, risky falls or unsafe equipment use.","pending","Awaiting content review and three approved videos."
"wb-079","PAS-505","4","2026-10-12","2026-10-18","ball","Checked-space backheel pass","passing","ball; cones","1-2 sets x 6-8 passes each side","30-60 seconds between sets","hip force and control; squat/lunge and knee extension","general","","FA_PASS2022; USYS2017","Official coaching guidance supports the skill family; this authored drill and draft dose have no isolated intervention proof. No direct change in dribbling time or shot speed is promised.","Heel contact and verified rearward passing orientation are distinct from sole layoff and inside-foot combinations.","Show checked-space backheel pass from setup to finish at normal speed. Keep the whole body and equipment visible. Look back to identify the target before touching the ball. Use a short backward heel movement to pass through the gate. Turn to inspect the result and retrieve the ball safely. Film both sides where relevant; show a reset rather than a fatigue set.","Show the setup close enough to reproduce it: Place a wide target gate 2 m behind and slightly to one side. Check the lane, then stand over a stationary ball. Explain: Check first, then keep the movement small. Demonstrate the easier option: Slow heel nudge to a very wide nearby target. Explain that the coach chooses progression and any external load.","Explain the error without deliberately loading an unsafe position: Blindly kicking behind: stop and scan again. Contrast a safe low-effort example with the correct version. Refilm normal correct repetitions. Do not demonstrate pain, maximal strain, risky falls or unsafe equipment use.","pending","Awaiting content review and three approved videos."
"wb-080","PAS-506","4","2026-10-12","2026-10-18","ball","Self-drop inside-foot volley pass","passing","ball; cones","1-2 sets x 6-8 passes each side","30-60 seconds between sets","hip force and control; squat/lunge and knee extension","general","","FA_PASS2022; USYS2017","Official coaching guidance supports the skill family; this authored drill and draft dose have no isolated intervention proof. No direct change in dribbling time or shot speed is promised.","Direct low aerial passing contact differs from ground gate passes and first-time shooting.","Show self-drop inside-foot volley pass from setup to finish at normal speed. Keep the whole body and equipment visible. Drop the ball below knee height. Meet it with the inside of the foot before it bounces. Recover balance and retrieve after the pass stops. Film both sides where relevant; show a reset rather than a fatigue set.","Show the setup close enough to reproduce it: Mark a wide target gate 3-4 m away with an empty lane. Use a low self-drop and a controlled service, not a high volley. Explain: Show a stable inside-foot surface. Demonstrate the easier option: Inside-foot pass after one bounce. Explain that the coach chooses progression and any external load.","Explain the error without deliberately loading an unsafe position: Reaching high or losing balance: lower the drop. Contrast a safe low-effort example with the correct version. Refilm normal correct repetitions. Do not demonstrate pain, maximal strain, risky falls or unsafe equipment use.","pending","Awaiting content review and three approved videos."
